number,designation, epoch, delta_AU, RA_hours, DEC_deg, dRA, dRA_err, dDEC, dDEC_err
26308,"1998 SM165",2452266.03495,34.83040,0.975961,2.87706,-0.18912,0.00315,0.10161,0.00100
26308,"1998 SM165",2452271.91282,34.93584,0.975814,2.87836,-0.23783,0.00160,-0.01436,0.00100
26308,"1998 SM165",2452821.24039,35.76803,1.355792,4.57038,-0.23881,0.00050,-0.45425,0.00088
26308,"1998 SM165",2452830.37659,35.62429,1.361222,4.57497,-0.21092,0.00051,-0.54366,0.00124
26308,"1998 SM165",2452846.31804,35.37240,1.365092,4.54852,-0.13195,0.00050,-0.61754,0.00050
26308,"1998 SM165",2452875.25917,34.96570,1.354092,4.39615,0.06598,0.00074,-0.40888,0.00085
26308,"1998 SM165",2453032.94721,36.07537,1.233375,3.58780,0.03684,0.00050,0.22915,0.00050
26308,"1998 SM165",2453922.44331,36.78095,1.706347,5.37044,0.07224,0.00079,-0.28562,0.00050
26308,"1998 SM165",2455207.11543,37.66306,1.906356,5.11289,-0.03151,0.00369,-0.51687,0.00360
26308,"1998 SM165",2455517.39036,37.21596,2.054811,5.49398,-0.07068,0.00314,0.14999,0.00175
38628,"2000 EB173",2452456.32835,29.32055,13.535994,-0.09575,-0.08072,0.00256,-0.01525,0.00213
38628,"2000 EB173",2452457.13037,29.33322,13.535908,-0.09819,-0.03351,0.00309,0.06146,0.00593
42355,"2002 CR46",2453755.91818,16.67520,10.208333,12.15246,-0.08727,0.00290,-0.08172,0.00290
42355,"2002 CR46",2453781.05226,16.54295,10.145075,12.49250,0.06642,0.00190,-0.15552,0.00190
42355,"2002 CR46",2453785.57234,16.53948,10.132703,12.55738,0.13570,0.00190,-0.08515,0.00190
42355,"2002 CR46",2454044.56851,17.92010,10.589333,9.69048,-0.00355,0.00190,-0.13523,0.00190
42355,"2002 CR46",2454091.95205,17.13477,10.639719,9.39343,0.10178,0.00190,0.00323,0.00190
48639,"1995 TL8",2452125.46726,42.36061,1.986119,12.35686,0.02430,0.01164,-0.00107,0.01159
48639,"1995 TL8",2452129.34828,42.29811,1.985889,12.35589,-0.04730,0.00493,-0.00933,0.00535
48639,"1995 TL8",2452587.74654,41.77257,1.991789,12.38597,-0.00026,0.00789,-0.00018,0.00154
50000,"2002 LM60",2453781.39621,43.64417,17.047861,-15.50286,0.32879,0.00797,-0.13111,0.00253
50000,"2002 LM60",2454179.14096,43.08093,17.148486,-15.47433,0.31771,0.00188,-0.12884,0.00264
50000,"2002 LM60",2454535.70523,43.21614,17.235514,-15.54540,-0.39224,0.00396,-0.02512,0.00363
50000,"2002 LM60",2454540.56322,43.13268,17.236419,-15.53113,0.40824,0.00371,-0.07205,0.00144
50000,"2002 LM60",2454546.18613,43.03705,17.236669,-15.51378,-0.36223,0.00332,0.12295,0.00370
50000,"2002 LM60",2455719.82856,42.12520,17.439961,-15.38200,0.17000,0.01000,-0.16000,0.01000
50000,"2002 LM60",2455719.89737,42.12507,17.439869,-15.38189,0.18000,0.01000,-0.16000,0.01000
50000,"2002 LM60",2455719.95760,42.12496,17.439789,-15.38178,0.19000,0.01000,-0.17000,0.01000
50000,"2002 LM60",2455720.01759,42.12485,17.439708,-15.38169,0.20000,0.01000,-0.16000,0.01000
55637,"2002 UX25",2453609.15758,41.70040,1.785600,10.02164,0.07020,0.00030,-0.14600,0.00100
55637,"2002 UX25",2453939.30187,42.15196,1.881447,10.15022,0.00000,0.05000,0.00000,0.05000
55637,"2002 UX25",2453939.98322,42.14020,1.881614,10.14989,0.02200,0.00100,-0.08500,0.00100
55637,"2002 UX25",2453944.04838,42.07017,1.882361,10.14650,-0.02300,0.00090,0.07400,0.00200
55637,"2002 UX25",2453947.42261,42.01231,1.882672,10.14194,0.00000,0.05000,0.00000,0.05000
55637,"2002 UX25",2453958.34814,41.82899,1.881764,10.11672,0.07080,0.00050,-0.14340,0.00030
55637,"2002 UX25",2453965.20996,41.71891,1.879731,10.09286,0.03480,0.00080,-0.10570,0.00090
55637,"2002 UX25",2456268.78992,40.52974,2.317250,9.40478,0.07400,0.00300,-0.13300,0.00300
58534,"1997 CQ29",2452230.79000,41.85230,10.999139,7.93250,0.05510,0.01580,0.19230,0.02910
58534,"1997 CQ29",2452443.83468,41.87019,10.886078,8.66727,-0.14644,0.00178,0.30011,0.00150
58534,"1997 CQ29",2452455.65343,42.05874,10.894839,8.60890,-0.12770,0.00170,0.31091,0.00100
58534,"1997 CQ29",2452467.66836,42.23246,10.906764,8.53173,-0.10400,0.00100,0.31814,0.00380
58534,"1997 CQ29",2452763.69690,41.18642,10.972511,8.22350,-0.13201,0.00100,0.31824,0.00756
58534,"1997 CQ29",2453052.24125,40.82322,11.142989,7.23341,-0.14768,0.00053,0.28121,0.00070
58534,"1997 CQ29",2453127.03197,41.23066,11.062286,7.73411,-0.02039,0.00516,0.30496,0.00130
58534,"1997 CQ29",2453179.55473,42.09492,11.063847,7.69870,0.06916,0.00169,0.01995,0.00095
58534,"1997 CQ29",2454451.79730,42.05620,11.527722,4.99038,-0.03908,0.00100,-0.16130,0.00268
60458,"2000 CM114",2453754.78402,41.24795,9.465831,12.00769,0.03376,0.00039,-0.07140,0.00078
60458,"2000 CM114",2454399.24244,41.95919,9.654814,10.26604,0.02930,0.00326,-0.07614,0.00328
60458,"2000 CM114",2454440.71328,41.22189,9.662811,10.10217,-0.05396,0.00216,0.03000,0.00525
60458,"2000 CM114",2454483.89753,40.64068,9.626850,10.17030,0.01407,0.00212,0.08184,0.00493
60458,"2000 CM114",2457091.83757,38.47507,10.142633,3.46498,0.00181,0.00100,0.08575,0.00121
60458,"2000 CM114",2457115.15301,38.63830,10.115981,3.61766,0.02752,0.00222,0.07865,0.00222
60621,"2000 FE8",2454115.58118,36.98056,13.194822,-9.20519,-0.00408,0.00185,-0.04187,0.00182
65489,"2003 FX128",2453837.40379,26.78465,14.053667,2.32553,0.01724,0.00190,0.08325,0.00330
65489,"2003 FX128",2453861.81029,26.88112,14.010472,2.60839,-0.04752,0.00240,-0.06871,0.00140
65489,"2003 FX128",2453865.68792,26.91192,14.003889,2.64314,-0.00321,0.00130,0.08600,0.00170
65489,"2003 FX128",2453885.50904,27.12867,13.973889,2.76711,0.03622,0.00100,0.07467,0.00110
65489,"2003 FX128",2453886.57050,27.14284,13.972528,2.77106,0.08288,0.00170,0.02949,0.00220
65489,"2003 FX128",2455381.31002,31.14259,14.587278,2.19618,-0.01605,0.00162,-0.06501,0.00361
66652,"1999 RZ253",2452222.87116,40.77425,22.006853,-12.73789,-0.00106,0.00431,0.07338,0.00332
66652,"1999 RZ253",2452225.87827,40.82621,22.006894,-12.73703,-0.07025,0.00324,0.04711,0.00309
66652,"1999 RZ253",2452752.64328,41.54853,22.301556,-11.11028,0.17468,0.00180,-0.08541,0.00219
66652,"1999 RZ253",2452872.11563,40.06989,22.261108,-11.36096,-0.02455,0.00073,0.07100,0.00067
66652,"1999 RZ253",2452897.75112,40.14102,22.228611,-11.54273,0.22368,0.00052,-0.04275,0.00071
66652,"1999 RZ253",2452961.00390,40.98070,22.188178,-11.75766,0.06458,0.00050,0.07964,0.00068
66652,"1999 RZ253",2452972.80461,41.18721,22.191222,-11.73817,-0.01747,0.00106,-0.07675,0.00075
66652,"1999 RZ253",2454299.17281,40.59996,22.659222,-9.06809,0.15010,0.00128,0.06624,0.00100
66652,"1999 RZ253",2454588.29244,41.86041,22.744292,-8.54440,-0.07973,0.00117,0.00928,0.00219
79360,"1997 CS29",2452214.60917,43.44068,8.239392,20.03161,0.03487,0.00389,-0.05733,0.00330
79360,"1997 CS29",2452218.08479,43.38150,8.239267,20.03178,-0.01860,0.00281,0.07067,0.00269
79360,"1997 CS29",2452570.48635,43.61672,8.324239,19.70717,-0.03033,0.00439,0.06795,0.00212
79360,"1997 CS29",2453705.01740,43.01220,8.575650,18.67703,0.00635,0.00191,0.01181,0.00123
79360,"1997 CS29",2454383.39036,43.89975,8.740306,17.96553,-0.02058,0.00154,0.08526,0.00140
79360,"1997 CS29",2454383.59314,43.89651,8.740464,17.96489,-0.02256,0.00240,0.08415,0.00128
79360,"1997 CS29",2454385.18880,43.87083,8.741683,17.95986,-0.01988,0.00112,0.04933,0.00172
79360,"1997 CS29",2454426.93966,43.16435,8.750417,17.91811,0.02516,0.00100,-0.08196,0.00158
79360,"1997 CS29",2454458.08017,42.73706,8.728392,17.99744,-0.02298,0.00100,0.08506,0.00100
79360,"1997 CS29",2455255.21499,42.63802,8.815753,17.54197,0.01344,0.00443,-0.02548,0.00246
79360,"1997 CS29",2455256.19786,42.64617,8.814628,17.54633,0.00897,0.01039,0.00720,0.00495
79360,"1997 CS29",2455290.16707,43.06215,8.786497,17.65508,0.02373,0.00145,-0.08635,0.00134
79360,"1997 CS29",2455313.25672,43.43977,8.782553,17.66956,0.00465,0.00380,-0.04546,0.00221
79360,"1997 CS29",2455345.28191,43.96517,8.799417,17.60183,-0.00822,0.00318,0.06768,0.00254
79360,"1997 CS29",2455987.67051,42.62254,8.983881,16.75181,0.00000,0.00786,0.00000,0.00012
79360,"1997 CS29",2456312.90960,42.53754,9.120267,16.12133,0.00000,0.00788,0.00000,0.00020
79360,"1997 CS29",2456331.66000,42.50981,9.095539,16.22597,0.00000,0.00788,0.00000,0.00009
79360,"1997 CS29",2456337.93990,42.52474,9.087289,16.26094,0.00000,0.00788,0.00000,0.00003
79360,"1997 CS29",2456356.68936,42.63835,9.064478,16.35769,0.00000,0.00786,0.00000,0.00011
79360,"1997 CS29",2456362.97060,42.69776,9.057811,16.38597,0.00000,0.00785,0.00000,0.00017
80806,"2000 CM105",2452552.70997,42.46544,9.539492,18.49500,-0.08936,0.01000,0.01197,0.01000
80806,"2000 CM105",2453680.44064,42.22515,9.827586,17.08673,-0.05037,0.00048,0.03543,0.00070
80806,"2000 CM105",2454399.17716,42.58496,9.989383,16.19830,-0.01128,0.00189,-0.06105,0.00419
80806,"2000 CM105",2454401.64001,42.54623,9.991458,16.19084,0.02693,0.01075,-0.05502,0.00793
80806,"2000 CM105",2454446.46744,41.79776,10.002253,16.20275,0.06882,0.00285,0.03781,0.00317
80806,"2000 CM105",2454474.02375,41.42487,9.983622,16.33651,0.04221,0.00126,-0.04298,0.00269
82075,"2000 YW134",2452572.49582,42.95734,8.169472,17.37194,-0.05033,0.00498,0.03402,0.00738
82075,"2000 YW134",2454382.97960,44.11542,8.643725,18.14617,-0.03450,0.00500,0.10293,0.00500
82075,"2000 YW134",2454383.66432,44.10472,8.644261,18.14497,-0.03950,0.00729,0.08036,0.00205
82075,"2000 YW134",2454415.15633,43.58468,8.656131,18.13819,-0.02506,0.01308,0.08680,0.00726
82075,"2000 YW134",2454446.34337,43.12124,8.642653,18.22725,-0.02263,0.00465,0.10644,0.00306
82157,"2001 FM185",2454798.64402,38.83329,11.688789,4.18979,-0.10382,0.00280,0.03950,0.00140
88611,"2001 QT297",2452193.53970,44.37001,21.677808,-12.98872,0.53900,0.00510,-0.27700,0.00520
88611,"2001 QT297",2452194.57804,44.38485,21.677197,-12.99197,0.54600,0.00810,-0.26750,0.00840
88611,"2001 QT297",2452214.53207,44.69948,21.670125,-13.03119,0.62440,0.02050,-0.21380,0.02380
88611,"2001 QT297",2452215.51791,44.71611,21.670017,-13.03192,0.64440,0.02060,-0.18360,0.02640
88611,"2001 QT297",2452216.51354,44.73297,21.669933,-13.03256,0.64170,0.03990,-0.19250,0.03870
88611,"2001 QT297",2452217.53769,44.75037,21.669869,-13.03308,0.64530,0.02090,-0.13830,0.03520
88611,"2001 QT297",2452468.78078,44.13025,21.848886,-12.06242,-0.31400,0.02300,0.69210,0.02870
88611,"2001 QT297",2452473.78974,44.08510,21.843942,-12.08656,-0.34440,0.06840,0.69990,0.05500
88611,"2001 QT297",2452493.69012,43.97038,21.821711,-12.19714,-0.42910,0.13380,0.81380,0.13110
88611,"2001 QT297",2452525.74014,44.02352,21.783528,-12.39172,-0.65760,0.09050,0.65760,0.09050
88611,"2001 QT297",2452935.57320,44.53710,21.823300,-12.13644,-0.01200,0.00600,-0.52700,0.00500
88611,"2001 QT297",2453150.86621,44.87885,22.022022,-11.05606,0.43500,0.00700,0.45600,0.00700
88611,"2001 QT297",2453261.63555,44.07467,21.929422,-11.51831,-0.13300,0.00700,0.69900,0.00600
88611,"2001 QT297",2453562.74493,44.23305,22.076506,-10.68347,-1.00200,0.00800,-0.04400,0.00800
88611,"2001 QT297",2455177.71696,45.36822,22.273008,-9.39186,-1.02568,0.00770,0.10975,0.00530
88611,"2001 QT297",2455411.92476,44.16142,22.427306,-8.43683,-0.00323,0.00300,-0.50148,0.00300
88611,"2001 QT297",2455483.83037,44.40382,22.350425,-8.87872,0.46565,0.00376,-0.33453,0.01728
88611,"2001 QT297",2455516.28459,44.90193,22.337714,-8.96283,0.60016,0.00750,-0.20134,0.01010
90482,"2004 DW",2453687.65517,47.80992,9.602703,-4.36033,0.20792,0.00492,-0.14342,0.00992
90482,"2004 DW",2454040.36963,48.07421,9.654489,-4.73411,0.22597,0.00102,-0.11307,0.00071
90482,"2004 DW",2454042.56683,48.04100,9.655431,-4.75425,-0.09310,0.00050,-0.22635,0.00050
90482,"2004 DW",2454044.36589,48.01205,9.656131,-4.77047,-0.25893,0.00050,-0.00560,0.00079
90482,"2004 DW",2454051.57904,47.89683,9.658200,-4.83264,-0.00694,0.00185,-0.24344,0.00050
90482,"2004 DW",2454056.08863,47.82344,9.658897,-4.86897,-0.03718,0.00058,0.24113,0.00050
90482,"2004 DW",2454066.14628,47.65866,9.658772,-4.94169,0.05228,0.00085,0.24033,0.00050
90482,"2004 DW",2454080.33596,47.43215,9.654717,-5.02164,-0.03180,0.00050,-0.24410,0.00050
90482,"2004 DW",2454416.29300,47.96773,9.713658,-5.30853,-0.26300,0.00500,-0.02400,0.00500
90482,"2004 DW",2454439.78023,47.58532,9.712944,-5.47636,0.24288,0.00241,0.07814,0.00418
90482,"2004 DW",2455250.73686,46.95438,9.752472,-6.39611,0.26000,0.02500,0.05200,0.02500
90482,"2004 DW",2457117.88000,47.30708,9.996253,-8.48206,-0.07854,0.00100,0.22974,0.00100
119067,"2001 KP76",2454229.08797,42.11987,16.500667,-25.15595,0.28919,0.00056,0.03508,0.00321
119979,"2002 WC19",2454045.47501,42.35091,4.759514,16.45306,-0.08206,0.00098,-0.06622,0.00106
119979,"2002 WC19",2454319.30620,43.52634,4.860486,16.93756,0.07217,0.01519,0.03954,0.00552
119979,"2002 WC19",2454338.35563,43.21349,4.875467,16.93264,-0.11345,0.00208,-0.05654,0.00381
119979,"2002 WC19",2455105.39318,42.14257,5.058739,17.50244,-0.01157,0.00749,-0.05710,0.01716
119979,"2002 WC19",2455177.84696,41.48931,4.981867,17.34856,-0.08950,0.00053,-0.02203,0.00229
119979,"2002 WC19",2456577.52237,41.09585,5.433189,18.66541,0.10583,0.00472,0.01561,0.00430
119979,"2002 WC19",2456661.09558,40.59104,5.332775,18.56873,0.08201,0.00593,0.03203,0.01156
120347,"2004 SB60",2453938.41493,43.15938,22.652317,15.83425,0.04706,0.00070,-0.10224,0.00050
120347,"2004 SB60",2454295.37924,43.37280,22.730792,16.46775,0.02193,0.00391,-0.11084,0.01344
120347,"2004 SB60",2454297.32976,43.34782,22.729267,16.47441,0.12371,0.00448,0.09208,0.00206
120347,"2004 SB60",2454323.96413,43.07438,22.702514,16.48798,0.17781,0.00200,0.00363,0.00303
120347,"2004 SB60",2454324.77860,43.06834,22.701558,16.48613,0.12785,0.00391,0.09402,0.00188
120347,"2004 SB60",2454324.90898,43.06739,22.701406,16.48583,0.10084,0.00863,0.09889,0.00316
120347,"2004 SB60",2454346.90493,42.96765,22.674139,16.38824,0.10314,0.00358,0.09949,0.00347
120347,"2004 SB60",2454606.27369,44.28520,22.810119,16.65106,-0.10096,0.00200,0.07422,0.00200
120347,"2004 SB60",2455176.77133,44.08289,22.755958,16.79067,0.05801,0.00613,0.10558,0.00300
120347,"2004 SB60",2455411.90558,43.45741,22.928128,18.43081,0.18274,0.00300,0.01839,0.00300
120347,"2004 SB60",2456492.02668,43.94279,23.160222,20.24978,-0.19689,0.10000,-0.07799,0.10000
120347,"2004 SB60",2456529.01220,40.86095,22.996767,-5.69939,-0.06779,0.10000,0.11576,0.10000
120347,"2004 SB60",2457234.99390,43.98163,23.296192,21.47219,0.05868,0.00312,-0.08215,0.00654
120347,"2004 SB60",2457606.96819,43.99952,23.363450,22.06081,-0.18064,0.00300,-0.05189,0.00300
123509,"2000 WK183",2453698.88068,41.99696,4.650178,20.28824,0.05409,0.00221,-0.05777,0.00050
123509,"2000 WK183",2454321.19764,43.39371,4.875406,20.72318,0.07394,0.00134,-0.00546,0.00278
123509,"2000 WK183",2454326.22924,43.31665,4.880147,20.72746,0.04456,0.00096,0.06196,0.00201
123509,"2000 WK183",2454356.40483,42.81369,4.895069,20.72891,-0.04866,0.00152,-0.05624,0.00432
123509,"2000 WK183",2454390.33871,42.28341,4.882661,20.68437,0.00870,0.00294,0.07600,0.00110
123509,"2000 WK183",2454432.39591,41.93362,4.833606,20.58571,-0.06388,0.00205,-0.03866,0.00438
123509,"2000 WK183",2454701.08966,43.15553,4.979186,20.85855,-0.01211,0.00221,0.07331,0.00103
123509,"2000 WK183",2455177.80746,41.87195,5.001261,20.81528,-0.02444,0.00300,-0.06715,0.00300
123509,"2000 WK183",2455239.94708,42.47538,4.936725,20.74344,0.00959,0.00486,0.07226,0.00236
134860,"2000 OJ67",2452816.23324,41.99338,21.859550,-13.86236,-0.00044,0.01000,-0.08217,0.01000
134860,"2000 OJ67",2454297.81813,41.90565,22.181636,-12.20414,-0.06759,0.00207,-0.02806,0.00174
134860,"2000 OJ67",2454301.30354,41.87208,22.178247,-12.22386,-0.05968,0.00100,0.03850,0.00225
134860,"2000 OJ67",2454318.75424,41.75024,22.158964,-12.33411,-0.05644,0.00104,-0.04947,0.00117
134860,"2000 OJ67",2454319.83277,41.74539,22.157675,-12.34139,-0.06751,0.00331,-0.02882,0.00371
134860,"2000 OJ67",2454591.42161,43.02599,22.277544,-11.65622,0.00067,0.00126,0.07131,0.00337
136199,"2003 UB313",2453624.02000,96.08486,1.643656,-5.46794,-0.52000,0.00800,0.08000,0.00800
136199,"2003 UB313",2453707.94000,96.29267,1.596361,-5.66908,0.20600,0.00600,-0.33800,0.00600
136199,"2003 UB313",2453968.12000,96.27433,1.660350,-5.13369,-0.14800,0.01000,0.34800,0.01000
136199,"2003 UB313",2453969.09000,96.26150,1.660050,-5.13703,-0.36000,0.04000,0.26000,0.04000
136199,"2003 UB313",2453978.08000,96.15075,1.656867,-5.16911,0.48800,0.02000,-0.20000,0.02000
136199,"2003 UB313",2453978.37000,96.14744,1.656753,-5.17017,0.50400,0.00100,-0.16700,0.00100
136199,"2003 UB313",2453979.00000,96.14030,1.656503,-5.17247,0.52000,0.01000,-0.07200,0.01000
136199,"2003 UB313",2454325.58508,96.33378,1.670747,-4.85113,0.48467,0.00415,-0.17810,0.00268
136199,"2003 UB313",2457051.66771,96.63116,1.663156,-3.23498,-0.35003,0.00226,-0.22603,0.00226
136199,"2003 UB313",2457051.73753,96.63229,1.663167,-3.23472,-0.34139,0.00226,-0.22913,0.00226
136199,"2003 UB313",2457054.91785,96.68314,1.663703,-3.22234,0.28734,0.00226,-0.32808,0.00226
136199,"2003 UB313",2457054.98859,96.68427,1.663717,-3.22206,0.29764,0.00226,-0.32368,0.00226
148780,"2001 UQ18",2453953.76666,45.62654,3.767747,24.30854,-0.17182,0.00109,0.06302,0.00408
148780,"2001 UQ18",2454306.58045,45.88604,3.839200,24.56067,-0.16332,0.00167,-0.03667,0.00168
148780,"2001 UQ18",2454320.43097,45.67245,3.849847,24.61564,-0.27679,0.00204,-0.00742,0.00100
148780,"2001 UQ18",2454380.39591,44.73594,3.840450,24.69205,-0.05278,0.00100,0.04552,0.00190
148780,"2001 UQ18",2454416.88464,44.44869,3.798011,24.60034,0.14054,0.00138,-0.06317,0.00118
148780,"2001 UQ18",2454672.79869,45.94237,3.921139,24.85621,0.15723,0.00133,-0.00858,0.00143
148780,"2001 UQ18",2455176.89199,44.59040,3.925447,25.08867,-0.36534,0.00300,0.03793,0.00300
148780,"2001 UQ18",2455412.10929,45.95200,4.091917,25.44278,-0.03594,0.00600,-0.03938,0.00300
160091,"2000 OL67",2454277.95238,42.56005,23.131761,-4.76014,0.24632,0.01029,0.03665,0.00198
160091,"2000 OL67",2455177.73919,43.18038,23.166831,-4.43692,-0.16337,0.00300,0.03008,0.00300
160091,"2000 OL67",2456147.04213,42.58046,23.503192,-2.15775,-0.05673,0.10000,-0.28707,0.10000
160091,"2000 OL67",2456153.01061,42.52623,23.497486,-2.19239,-0.01064,0.10000,-0.09394,0.10000
160091,"2000 OL67",2456589.83653,42.73190,23.496928,-2.14725,-0.11812,0.00685,0.15022,0.00686
160091,"2000 OL67",2457270.86820,36.80682,22.794508,-10.02303,-0.17106,0.00484,0.09530,0.00556
160091,"2000 OL67",2457990.91534,42.99204,23.873708,0.45144,-0.07114,0.00950,0.19288,0.00460
160256,"2002 PD149",2454242.70308,45.58955,23.713108,-6.80207,0.66008,0.00239,0.36322,0.00107
160256,"2002 PD149",2455177.78840,45.06164,23.749078,-6.71283,1.05979,0.00300,0.05931,0.00623
160256,"2002 PD149",2456164.04821,44.14322,0.059069,-4.88236,-0.19407,0.05000,0.02380,0.05000
160256,"2002 PD149",2456889.02485,44.13578,0.210997,-3.93978,1.03595,0.00182,0.06786,0.00488
160256,"2002 PD149",2457270.92634,43.97926,0.268006,-3.60831,1.17822,0.00500,0.33769,0.00500
174567,"2003 MW12",2454947.91380,47.05469,16.761767,-2.11636,0.12311,0.00334,-0.01033,0.00201
174567,"2003 MW12",2455411.77394,47.21519,16.735164,-1.99692,-0.09206,0.00200,-0.10862,0.00200
174567,"2003 MW12",2455411.84777,47.21619,16.735125,-1.99728,-0.08012,0.00200,-0.11149,0.00200
174567,"2003 MW12",2455439.72274,47.63142,16.729158,-2.16169,-0.13093,0.00097,-0.00172,0.00246
174567,"2003 MW12",2455441.04295,47.65206,16.729306,-2.17072,-0.02228,0.00131,-0.13318,0.00137
174567,"2003 MW12",2455467.09059,48.04750,16.740347,-2.35914,-0.00562,0.00467,0.13799,0.00172
174567,"2003 MW12",2455752.29017,46.79484,16.825217,-1.89475,0.08235,0.00858,-0.11167,0.00413
174567,"2003 MW12",2456020.03911,47.01580,16.993264,-2.23083,-0.11187,0.00300,0.07594,0.00300
174567,"2003 MW12",2456053.96807,46.62621,16.968394,-2.00150,-0.05069,0.00300,0.12971,0.00300
174567,"2003 MW12",2456141.85712,46.93075,16.878472,-1.96019,-0.10084,0.01354,-0.07780,0.00618
174567,"2003 MW12",2456404.98806,46.65088,17.053842,-2.07036,-0.08404,0.00300,0.09796,0.01080
174567,"2003 MW12",2456486.75571,46.56242,16.966169,-1.86689,-0.12196,0.00332,-0.08097,0.00786
182933,"2002 GZ31",2453848.86696,40.64626,15.075892,-16.30849,-0.01919,0.00026,0.06824,0.00063
182933,"2002 GZ31",2454482.81997,41.72362,15.302786,-17.26362,0.07081,0.01208,0.01068,0.01466
182933,"2002 GZ31",2454486.43897,41.66423,15.306131,-17.27515,0.02193,0.00590,0.05759,0.00620
182933,"2002 GZ31",2454501.49314,41.40429,15.316361,-17.30859,-0.00577,0.00327,-0.04813,0.00250
182933,"2002 GZ31",2454944.91692,40.14861,15.376575,-17.52371,0.02541,0.00456,-0.06725,0.00462
225088,"2007 OR10",2455142.21736,85.26055,22.238706,-14.75049,0.01345,0.00374,-0.45157,0.00110
225088,"2007 OR10",2455458.16555,85.26055,22.275086,-14.41265,-0.21949,0.00341,0.12703,0.00574
225088,"2007 OR10",2458030.17745,87.06755,22.367222,-12.57906,-0.16538,0.00765,0.15347,0.01518
225088,"2007 OR10",2458037.85376,87.16141,22.363383,-12.59463,-0.25816,0.00728,-0.40461,0.00468
225088,"2007 OR10",2458044.74181,87.25623,22.360375,-12.60583,0.12990,0.00051,-0.36509,0.00206
225088,"2007 OR10",2458092.75301,88.07528,22.354169,-12.59605,-0.01446,0.00596,-0.44834,0.00117
229762,"2007 UK126",2454783.77689,44.65817,3.966228,-3.13818,-0.08708,0.00371,-0.12151,0.00280
229762,"2007 UK126",2455176.84129,44.33387,4.016531,-2.77714,-0.13552,0.00600,-0.00385,0.00600
229762,"2007 UK126",2455177.82789,44.33901,4.015369,-2.77711,-0.18020,0.00600,-0.06806,0.00600
229762,"2007 UK126",2458121.11732,41.67363,4.712408,0.92623,-0.13566,0.00354,-0.13399,0.00139
229762,"2007 UK126",2458121.96899,41.68046,4.711461,0.92894,-0.08324,0.00394,-0.13567,0.00100
229762,"2007 UK126",2458204.81689,42.79690,4.696311,1.58006,0.16284,0.00260,0.08656,0.00100
229762,"2007 UK126",2458208.78113,42.84963,4.699906,1.61920,-0.05961,0.06000,-0.00461,0.06000
229762,"2007 UK126",2458335.46057,42.73237,4.888342,2.09165,-0.16166,0.00100,-0.10611,0.00151
275809,"2001 QY297",2453844.21892,43.14809,21.201772,-16.85828,0.06581,0.00050,-0.05436,0.00050
275809,"2001 QY297",2454330.07681,41.98704,21.218192,-16.85070,-0.43140,0.00119,-0.00818,0.00100
275809,"2001 QY297",2454331.90163,41.99289,21.215861,-16.86117,-0.44073,0.00176,-0.01431,0.00107
275809,"2001 QY297",2454567.57734,43.47624,21.366164,-16.17247,-0.05513,0.00134,0.07862,0.00108
275809,"2001 QY297",2454587.38404,43.16039,21.379844,-16.11613,-0.30222,0.00100,0.03979,0.00100
275809,"2001 QY297",2454679.89348,42.05930,21.326117,-16.39344,0.16786,0.00168,-0.00815,0.00124
303712,"2005 PR21",2454231.02738,41.19128,22.728592,-8.09061,-0.12063,0.00579,-0.00398,0.00741
341520,"2007 TY430",2454387.86700,28.40955,1.062033,6.64281,-0.46000,0.06600,-0.50000,0.06600
341520,"2007 TY430",2454418.68700,28.57872,1.014614,6.30425,-0.64800,0.01800,-0.49300,0.01800
341520,"2007 TY430",2454423.68100,28.63051,1.008456,6.25894,-0.62100,0.02500,-0.50200,0.02500
341520,"2007 TY430",2454431.56100,28.72389,1.000033,6.19558,-0.58400,0.03500,-0.45600,0.03500
341520,"2007 TY430",2454434.52300,28.76237,0.997317,6.17458,-0.62100,0.03000,-0.47500,0.03000
341520,"2007 TY430",2454446.55800,28.93496,0.989075,6.10681,-0.63900,0.03700,-0.43100,0.03700
341520,"2007 TY430",2454456.53100,29.09330,0.985953,6.07397,-0.69400,0.03000,-0.47500,0.03000
341520,"2007 TY430",2454473.55400,29.38025,0.988878,6.06964,-0.71200,0.03100,-0.45600,0.03100
341520,"2007 TY430",2454730.07201,28.37515,1.272103,7.40882,0.24861,0.00100,0.39862,0.00141
341520,"2007 TY430",2454770.90100,28.35271,1.204797,6.93900,0.48200,0.01500,0.51000,0.01500
341520,"2007 TY430",2454799.69100,28.62302,1.167089,6.67297,0.60100,0.03600,0.56400,0.03600
341520,"2007 TY430",2454838.70800,29.23155,1.154883,6.55711,0.73700,0.02600,0.63700,0.02600
341520,"2007 TY430",2454863.75000,29.64855,1.175761,6.65983,0.79200,0.02200,0.61900,0.02200
341520,"2007 TY430",2455052.12500,28.81832,1.488047,8.22953,0.94600,0.02700,0.42800,0.02700
341520,"2007 TY430",2455068.12200,28.58313,1.478483,8.14031,0.92800,0.02000,0.41000,0.02400
341520,"2007 TY430",2455075.08300,28.49414,1.471883,8.08747,0.89200,0.01500,0.38200,0.01500
341520,"2007 TY430",2455101.90000,28.25485,1.435689,7.82358,0.80100,0.01700,0.30000,0.01500
341520,"2007 TY430",2455120.95100,28.20539,1.403858,7.60392,0.71900,0.01900,0.25500,0.01600
341520,"2007 TY430",2455140.85300,28.27045,1.370819,7.38006,0.63800,0.02000,0.19100,0.01900
341520,"2007 TY430",2455172.77300,28.59979,1.331442,7.11164,0.43600,0.02500,0.04500,0.01500
341520,"2007 TY430",2455176.74220,28.65641,1.328472,7.09044,0.48386,0.00300,0.05151,0.00300
341520,"2007 TY430",2455189.77700,28.85782,1.322453,7.04433,0.37900,0.01900,0.00000,0.01600
341520,"2007 TY430",2455458.03300,28.25156,1.624772,8.39553,-0.73700,0.01900,-0.41900,0.01900
341520,"2007 TY430",2455567.70100,28.94427,1.492342,7.50575,-0.48800,0.02100,-0.06600,0.02000
364171,"2006 JZ81",2453856.90471,40.11798,14.111169,-12.66322,-1.24195,0.05570,0.43401,0.05570
364171,"2006 JZ81",2453856.93512,40.11804,14.111131,-12.66302,-1.27157,0.10660,0.30052,0.10660
364171,"2006 JZ81",2453856.96799,40.11810,14.111086,-12.66280,-1.27121,0.13145,0.48053,0.13145
364171,"2006 JZ81",2453857.84066,40.11979,14.109947,-12.65703,-1.20796,0.10420,0.42277,0.10420
364171,"2006 JZ81",2453912.77315,40.62199,14.055753,-12.38624,-1.39482,0.11800,0.54110,0.11800
364171,"2006 JZ81",2453915.77197,40.66689,14.054389,-12.37992,-1.34156,0.09540,0.48047,0.09540
364171,"2006 JZ81",2453915.78491,40.66708,14.054383,-12.37989,-1.29349,0.14440,0.27694,0.14440
364171,"2006 JZ81",2453916.75242,40.68182,14.053989,-12.37810,-1.26360,0.22310,0.43475,0.22310
364171,"2006 JZ81",2454152.97200,40.67198,14.274728,-13.58838,-1.04411,0.11920,0.66109,0.11920
364171,"2006 JZ81",2454153.01909,40.67124,14.274708,-13.58829,-1.42588,0.10800,0.51987,0.10800
364171,"2006 JZ81",2454236.69683,40.16045,14.184300,-13.14494,-1.28695,0.12530,0.43756,0.12530
364171,"2006 JZ81",2454236.73190,40.16064,14.184258,-13.14472,-1.24527,0.09270,0.48997,0.09270
364171,"2006 JZ81",2454236.73668,40.16067,14.184253,-13.14470,-1.20359,0.17605,0.45040,0.17605
364171,"2006 JZ81",2454479.15878,41.35431,14.360731,-14.10543,-0.62272,0.05565,0.24884,0.05565
364171,"2006 JZ81",2454479.16157,41.35427,14.360733,-14.10544,-0.77954,0.08190,0.35023,0.08190
364171,"2006 JZ81",2455007.86103,40.53531,14.328517,-14.08101,-0.70375,0.01245,0.07654,0.01245
364171,"2006 JZ81",2455007.86671,40.53539,14.328511,-14.08099,-0.72467,0.01210,0.08021,0.01210
364171,"2006 JZ81",2455007.87239,40.53547,14.328508,-14.08098,-0.70099,0.01330,0.07414,0.01330
364171,"2006 JZ81",2455007.87808,40.53555,14.328506,-14.08096,-0.69901,0.01340,0.05665,0.01340
364171,"2006 JZ81",2455007.88376,40.53563,14.328503,-14.08094,-0.68860,0.01450,0.10722,0.01450
364171,"2006 JZ81",2455007.88945,40.53571,14.328497,-14.08093,-0.72216,0.01455,0.08457,0.01455
364171,"2006 JZ81",2455007.89516,40.53579,14.328494,-14.08091,-0.68702,0.01470,0.06825,0.01470
364171,"2006 JZ81",2455214.10950,41.32150,14.543975,-15.18490,-0.92639,0.01800,0.18046,0.01800
364171,"2006 JZ81",2455214.11577,41.32140,14.543978,-15.18492,-0.89089,0.01870,0.16255,0.01870
364171,"2006 JZ81",2455214.12202,41.32129,14.543983,-15.18494,-0.89909,0.01990,0.17622,0.01990
364171,"2006 JZ81",2455214.12827,41.32119,14.543986,-15.18496,-0.89844,0.02035,0.16462,0.02035
364171,"2006 JZ81",2455214.13453,41.32108,14.543992,-15.18498,-0.91243,0.01555,0.17624,0.01555
364171,"2006 JZ81",2455214.14081,41.32097,14.543994,-15.18501,-0.91374,0.01720,0.16936,0.01720
364171,"2006 JZ81",2455214.14708,41.32087,14.543997,-15.18502,-0.92030,0.01575,0.19723,0.01575
364171,"2006 JZ81",2455296.57644,40.16267,14.508461,-15.04176,-1.00822,0.02790,0.27291,0.02790
364171,"2006 JZ81",2455296.58830,40.16260,14.508444,-15.04169,-1.00295,0.02975,0.23845,0.02975
364171,"2006 JZ81",2455296.59221,40.16258,14.508442,-15.04167,-1.11194,0.05040,0.26595,0.05040
364171,"2006 JZ81",2455296.59483,40.16256,14.508439,-15.04165,-1.02557,0.03915,0.19953,0.03915
364171,"2006 JZ81",2455296.59744,40.16254,14.508433,-15.04164,-1.03076,0.04185,0.25571,0.04185
364171,"2006 JZ81",2455296.60267,40.16251,14.508428,-15.04161,-0.98843,0.04455,0.16975,0.04455
364171,"2006 JZ81",2455296.60543,40.16249,14.508425,-15.04159,-1.00766,0.02810,0.27229,0.02810
364171,"2006 JZ81",2455304.87736,40.12136,14.497842,-14.99302,-1.08602,0.01060,0.28661,0.01060
364171,"2006 JZ81",2455304.88361,40.12133,14.497836,-14.99298,-1.09028,0.01060,0.25279,0.01060
364171,"2006 JZ81",2455304.88988,40.12131,14.497828,-14.99294,-1.06935,0.00955,0.25955,0.00955
364171,"2006 JZ81",2455304.89615,40.12129,14.497819,-14.99291,-1.07671,0.00985,0.25848,0.00985
364171,"2006 JZ81",2455304.90242,40.12127,14.497811,-14.99287,-1.07622,0.01040,0.26723,0.01040
364171,"2006 JZ81",2455327.67578,40.11193,14.467494,-14.85214,-1.09921,0.00930,0.29768,0.00930
364171,"2006 JZ81",2455327.68005,40.11194,14.467489,-14.85211,-1.10633,0.01660,0.27668,0.01660
364171,"2006 JZ81",2455327.68382,40.11195,14.467483,-14.85209,-1.09184,0.01810,0.32153,0.01810
364171,"2006 JZ81",2455327.68809,40.11197,14.467478,-14.85207,-1.08756,0.00765,0.28937,0.00765
364171,"2006 JZ81",2455335.83483,40.14549,14.457003,-14.80307,-1.09219,0.01135,0.29296,0.01135
364171,"2006 JZ81",2455335.84108,40.14552,14.456997,-14.80304,-1.09106,0.01435,0.29525,0.01435
364171,"2006 JZ81",2455335.84734,40.14555,14.456989,-14.80300,-1.11858,0.01530,0.29880,0.01530
364171,"2006 JZ81",2455335.85360,40.14559,14.456981,-14.80296,-1.13591,0.02130,0.28078,0.02130
364171,"2006 JZ81",2455335.85987,40.14562,14.456972,-14.80293,-1.13937,0.02150,0.29522,0.02150
364171,"2006 JZ81",2455634.03812,40.45377,14.630325,-15.70391,-1.17259,0.01770,0.36539,0.01770
364171,"2006 JZ81",2455634.04358,40.45369,14.630322,-15.70389,-1.17194,0.01640,0.40853,0.01640
364171,"2006 JZ81",2455634.04904,40.45362,14.630317,-15.70388,-1.16257,0.01445,0.40503,0.01445
364171,"2006 JZ81",2455634.05449,40.45355,14.630314,-15.70386,-1.18830,0.01740,0.39745,0.01740
364171,"2006 JZ81",2455634.05994,40.45348,14.630308,-15.70384,-1.17165,0.01955,0.40048,0.01955
364171,"2006 JZ81",2455634.06540,40.45340,14.630306,-15.70382,-1.15494,0.01975,0.41637,0.01975
364171,"2006 JZ81",2457894.13685,40.17440,15.117039,-18.39781,-0.20988,0.00100,-0.13666,0.00100
385446,"2003 QW111",2453941.88062,43.94387,22.911022,-9.88811,0.29481,0.00102,-0.13481,0.00137
385446,"2003 QW111",2454306.65163,43.86811,22.986786,-9.41918,0.15555,0.00207,-0.09787,0.00100
385446,"2003 QW111",2454339.07090,43.63685,22.953381,-9.63927,0.02769,0.03758,-0.02305,0.04370
385446,"2003 QW111",2454683.30057,43.66556,23.052114,-9.01813,0.16065,0.00247,-0.05012,0.00264
385446,"2003 QW111",2454699.14918,43.55922,23.035292,-9.12902,0.26190,0.00161,-0.10930,0.00133
385446,"2003 QW111",2454717.08723,43.52419,23.014233,-9.26103,0.30000,0.00400,-0.13446,0.00400
385446,"2003 QW111",2454766.31404,43.89273,22.964469,-9.54131,-0.07560,0.00641,0.02076,0.00375
385446,"2003 QW111",2456617.18784,43.63951,23.330881,-7.19164,0.19644,0.00272,-0.10570,0.00387
469420,"2001 XP254",2454782.12561,32.75752,7.791161,21.68697,-0.04371,0.00330,0.02710,0.00449
469505,"2003 FE128",2455373.26585,35.20696,14.737422,-12.94751,-0.01218,0.00141,-0.08297,0.00118
469509,"2003 HC57",2459003.06391,41.55642,14.422525,-14.68644,-0.06489,0.00103,-0.00610,0.00219
469514,"2003 QA91",2453905.86901,44.57954,22.186475,-13.03281,-0.01653,0.00159,0.04690,0.00140
469514,"2003 QA91",2455090.19119,43.92137,22.333264,-12.35247,0.04750,0.00173,-0.01279,0.00239
469514,"2003 QA91",2455090.53982,43.92349,22.332875,-12.35461,0.04699,0.00299,-0.00462,0.00441
469514,"2003 QA91",2455091.63825,43.93040,22.331658,-12.36129,-0.03971,0.00169,-0.02924,0.00244
469514,"2003 QA91",2455301.51946,45.46103,22.467153,-11.53770,0.03196,0.00343,-0.03595,0.00301
469514,"2003 QA91",2455305.58075,45.40616,22.471517,-11.51514,0.01240,0.00307,-0.04722,0.00294
469514,"2003 QA91",2456888.95248,43.54349,22.754378,-10.06472,-0.03934,0.00300,0.02644,0.00300
469514,"2003 QA91",2457270.90948,43.45483,22.812664,-9.74814,0.02057,0.00300,0.04412,0.00300
469514,"2003 QA91",2457606.98815,43.51171,22.926133,-9.08106,-0.03887,0.00300,0.03028,0.00300
469514,"2003 QA91",2457990.87407,43.35326,22.983636,-8.76467,-0.04327,0.00300,0.02045,0.00300
469514,"2003 QA91",2457991.90881,43.35028,22.982431,-8.77236,-0.04919,0.00450,-0.00605,0.00300
469610,"2004 HF79",2458642.18369,41.19468,16.336164,-21.20133,-0.09248,0.00120,0.08805,0.00101
469705,"2005 EF298",2454852.98359,40.00541,10.562475,10.95719,0.09786,0.00156,-0.05787,0.00120
469705,"2005 EF298",2455640.60135,39.77596,10.679317,10.40500,0.04118,0.00396,-0.05227,0.00232
469705,"2005 EF298",2455648.31978,39.82903,10.670244,10.45750,-0.00254,0.01000,-0.01572,0.01000
469705,"2005 EF298",2455669.80168,40.05491,10.649647,10.57175,-0.16958,0.05000,0.05023,0.05000
469705,"2005 EF298",2455674.00607,40.11044,10.646633,10.58747,-0.14760,0.00208,0.05441,0.00090
469705,"2005 EF298",2455692.22413,40.38186,10.638186,10.62669,-0.22359,0.00409,0.09162,0.00204
469705,"2005 EF298",2455751.35551,41.31577,10.666808,10.42003,0.10157,0.00423,-0.06248,0.00371
469705,"2005 EF298",2455961.11255,39.77523,10.829914,9.54997,-0.23913,0.00300,0.11707,0.01041
469705,"2005 EF298",2456004.97851,39.71261,10.774317,9.89633,0.09076,0.00217,-0.05348,0.00135
469705,"2005 EF298",2456372.97176,39.67090,10.864825,9.40700,-0.18031,0.00447,0.11321,0.00340
505447,"2013 SQ99",2456891.98655,46.60138,0.830658,2.87156,-0.37489,0.00442,0.02833,0.00577
505447,"2013 SQ99",2458792.69789,46.69551,1.078486,4.70533,0.10792,0.00100,0.08403,0.00100
505476,"2013 UL15",2458767.91662,42.51006,1.372658,6.72636,-0.06895,0.00156,-0.16008,0.00117
506121,"2016 BP81",2456895.96016,41.81093,1.099706,6.02344,0.36204,0.01532,-0.11667,0.01054
508788,"2000 CQ114",2452796.52354,45.53911,10.715450,10.62250,-0.17816,0.00336,-0.04140,0.01584
508788,"2000 CQ114",2454416.05494,46.33870,11.182967,7.59159,0.17227,0.00180,0.08424,0.00281
508788,"2000 CQ114",2454437.40737,45.99036,11.195225,7.53058,0.21621,0.00241,0.05639,0.00107
508788,"2000 CQ114",2454471.65894,45.42516,11.193089,7.57045,0.15883,0.00175,-0.02059,0.00173
508788,"2000 CQ114",2454548.87036,44.98691,11.117928,8.05792,-0.18550,0.00159,-0.06347,0.00223
508788,"2000 CQ114",2456748.56597,45.65348,11.530167,5.21269,-0.16912,0.00248,-0.07100,0.00270
508788,"2000 CQ114",2457116.69612,45.76940,11.596058,4.74735,0.17617,0.00147,-0.02602,0.00369
508869,"2002 VT130",2454731.42948,42.46232,4.451167,22.90856,0.04279,0.00193,-0.06875,0.00146
508869,"2002 VT130",2455177.88698,41.89353,4.453992,22.93000,-0.05189,0.00211,0.05859,0.00100
508869,"2002 VT130",2456228.93962,42.15427,4.796133,23.58419,-0.08611,0.00394,-0.02911,0.00300
508869,"2002 VT130",2456528.09510,43.20481,4.906808,23.73342,-0.00060,0.00300,0.08863,0.00300
508869,"2002 VT130",2456589.89268,42.24394,4.894311,23.73956,0.00025,0.00159,0.09116,0.00125
508869,"2002 VT130",2456590.91460,42.23212,4.893292,23.73828,-0.01757,0.00100,0.08214,0.00100
511551,"2014 UD225",2456896.18459,43.67169,1.548192,12.35156,0.63486,0.01835,0.15839,0.01456
511551,"2014 UD225",2456897.93824,43.64906,1.546964,12.34619,0.64000,0.04000,0.12000,0.03000
511551,"2014 UD225",2458671.70607,45.15143,1.922928,14.66971,0.01637,0.00239,0.08890,0.00273
523624,"2008 CT190",2456066.48778,34.75338,10.474681,39.88443,-0.05925,0.00162,0.00114,0.00100
523756,"2014 WD509",2459048.64951,42.66207,3.906172,19.47891,-0.07323,0.00117,0.24509,0.00104
523983,"1999 RY214",2454729.88885,36.34338,1.225228,20.53834,0.02439,0.03159,0.00705,0.00928
524217,"2001 RZ143",2453618.46842,40.61068,1.521231,10.16956,-0.05290,0.00075,0.00047,0.00050
524217,"2001 RZ143",2455510.36583,40.34546,1.889144,12.52871,0.06742,0.00464,0.03462,0.00466
524366,"2001 XR254",2454089.77821,43.24733,7.241536,21.12197,-0.10693,0.00098,0.01285,0.00052
524366,"2001 XR254",2454360.96605,44.58756,7.358611,20.94389,-0.30433,0.00135,0.15170,0.00107
524366,"2001 XR254",2454361.60390,44.57758,7.359156,20.94258,-0.30475,0.00194,0.15598,0.00100
524366,"2001 XR254",2454364.81935,44.52652,7.361744,20.93622,-0.31466,0.00155,0.16542,0.00100
524366,"2001 XR254",2454382.60946,44.22879,7.371378,20.90974,-0.30501,0.00140,0.19840,0.00156
524366,"2001 XR254",2454439.91481,43.37058,7.346322,20.93681,0.10316,0.00100,0.01377,0.00188
524366,"2001 XR254",2454463.10894,43.20817,7.317322,20.98858,-0.01785,0.01797,-0.02445,0.00703
524366,"2001 XR254",2455177.91708,43.34264,7.520789,20.59475,-0.04470,0.00300,0.10444,0.00300
524531,"2002 XH91",2454779.45976,47.06077,7.290944,24.48583,0.54048,0.00305,0.21496,0.00231
524531,"2002 XH91",2456029.76905,47.50413,7.393617,24.54653,-0.20554,0.01025,0.21393,0.01467
524531,"2002 XH91",2456238.09909,47.04377,7.605369,24.17050,0.73134,0.01126,0.12065,0.01142
524531,"2002 XH91",2457117.83043,47.21099,7.625133,24.30425,-0.02954,0.00384,0.33680,0.00148
524531,"2002 XH91",2458097.06574,46.47696,7.973881,23.67558,0.78493,0.00300,0.09090,0.00381
525462,"2005 EO304",2453440.93703,42.70313,12.748622,-1.05946,2.74996,0.12606,-0.85999,0.12606
525462,"2005 EO304",2453441.89056,42.69732,12.747567,-1.05226,2.53998,0.21938,-0.78999,0.21938
525462,"2005 EO304",2453441.98852,42.69674,12.747458,-1.05152,2.42002,0.34069,-0.42000,0.34069
525462,"2005 EO304",2453475.65806,42.66495,12.707828,-0.79726,2.56001,0.06534,-0.77000,0.06534
525462,"2005 EO304",2453475.68248,42.66505,12.707797,-0.79709,2.61004,0.10270,-0.63001,0.10270
525462,"2005 EO304",2453528.53737,43.21851,12.663850,-0.56650,2.45001,0.02798,-0.56000,0.02798
525462,"2005 EO304",2453528.62898,43.21991,12.663817,-0.56641,2.48000,0.05603,-0.51000,0.05603
525462,"2005 EO304",2454890.00165,42.64710,13.081536,-3.21757,-1.24442,0.04844,0.67206,0.04844
525462,"2005 EO304",2454890.00729,42.64704,13.081531,-3.21754,-1.30285,0.05518,0.75480,0.05518
525462,"2005 EO304",2454890.01859,42.64692,13.081519,-3.21746,-1.26961,0.04198,0.66710,0.04198
525462,"2005 EO304",2454890.02424,42.64685,13.081514,-3.21743,-1.22121,0.04554,0.68479,0.04554
525462,"2005 EO304",2454890.03409,42.64675,13.081506,-3.21736,-1.29321,0.04943,0.64782,0.04943
525462,"2005 EO304",2454890.03974,42.64669,13.081500,-3.21733,-1.36646,0.04297,0.64279,0.04297
525462,"2005 EO304",2454952.88033,42.52302,13.010675,-2.76951,-1.48916,0.01789,0.63477,0.01789
525462,"2005 EO304",2454952.88684,42.52306,13.010667,-2.76947,-1.48846,0.01729,0.64976,0.01729
525462,"2005 EO304",2454952.89250,42.52310,13.010661,-2.76944,-1.49467,0.02006,0.66713,0.02006
525462,"2005 EO304",2454952.89815,42.52314,13.010656,-2.76941,-1.51005,0.01993,0.65504,0.01993
525462,"2005 EO304",2454952.90484,42.52319,13.010647,-2.76936,-1.51402,0.02020,0.66592,0.02020
525462,"2005 EO304",2454952.91051,42.52323,13.010642,-2.76933,-1.48423,0.02284,0.64670,0.02284
525462,"2005 EO304",2454952.91616,42.52327,13.010636,-2.76930,-1.50564,0.01604,0.65213,0.01604
525462,"2005 EO304",2455003.76452,43.15587,12.976275,-2.61174,-1.64286,0.03392,0.64979,0.03392
525462,"2005 EO304",2455003.77077,43.15597,12.976275,-2.61174,-1.68550,0.04778,0.64835,0.04778
525462,"2005 EO304",2455003.77646,43.15606,12.976275,-2.61174,-1.66496,0.03703,0.65071,0.03703
525462,"2005 EO304",2455003.78217,43.15616,12.976272,-2.61174,-1.60346,0.05300,0.66920,0.05300
525462,"2005 EO304",2455003.78788,43.15625,12.976272,-2.61174,-1.61999,0.05267,0.70688,0.05267
525462,"2005 EO304",2455003.79356,43.15634,12.976272,-2.61174,-1.57286,0.05696,0.64056,0.05696
525462,"2005 EO304",2455003.79924,43.15643,12.976269,-2.61175,-1.64064,0.05056,0.68032,0.05056
525462,"2005 EO304",2455192.11167,43.60652,13.174192,-3.88822,-1.69377,0.02495,0.43039,0.02495
525462,"2005 EO304",2455192.11712,43.60642,13.174194,-3.88823,-1.63818,0.02534,0.36524,0.02534
525462,"2005 EO304",2455192.12258,43.60633,13.174197,-3.88824,-1.66405,0.02627,0.35406,0.02627
525462,"2005 EO304",2455192.12804,43.60624,13.174200,-3.88825,-1.65275,0.02165,0.38718,0.02165
525462,"2005 EO304",2455192.13349,43.60614,13.174203,-3.88826,-1.68235,0.02191,0.39326,0.02191
525462,"2005 EO304",2455192.13895,43.60605,13.174206,-3.88828,-1.66876,0.02224,0.39207,0.02224
525462,"2005 EO304",2455192.14447,43.60596,13.174208,-3.88829,-1.64395,0.02231,0.37466,0.02231
525462,"2005 EO304",2455239.99204,42.80738,13.173219,-3.81816,-1.66792,0.03841,0.39434,0.03841
525462,"2005 EO304",2455239.99749,42.80730,13.173214,-3.81814,-1.67019,0.04138,0.36870,0.04138
525462,"2005 EO304",2455240.00294,42.80723,13.173211,-3.81811,-1.64579,0.03241,0.31887,0.03241
525462,"2005 EO304",2455240.00840,42.80715,13.173208,-3.81809,-1.60784,0.02680,0.33173,0.02680
525462,"2005 EO304",2455240.01387,42.80707,13.173206,-3.81806,-1.66454,0.02825,0.32980,0.02825
525462,"2005 EO304",2455296.61260,42.38581,13.116414,-3.43526,-1.54014,0.03023,0.20409,0.03023
525462,"2005 EO304",2455296.62445,42.38582,13.116397,-3.43517,-1.58149,0.02798,0.24592,0.02798
525462,"2005 EO304",2455296.62837,42.38582,13.116394,-3.43514,-1.57510,0.03135,0.26476,0.03135
525462,"2005 EO304",2455296.63360,42.38582,13.116386,-3.43510,-1.57139,0.03188,0.20492,0.03188
525462,"2005 EO304",2455296.63622,42.38582,13.116383,-3.43508,-1.56116,0.03736,0.20758,0.03736
525462,"2005 EO304",2455296.64158,42.38583,13.116378,-3.43504,-1.59445,0.02211,0.24591,0.02211
525462,"2005 EO304",2455324.75133,42.51550,13.084253,-3.24919,-1.54914,0.04693,0.18204,0.04693
525462,"2005 EO304",2455324.76365,42.51560,13.084239,-3.24913,-1.52950,0.06263,0.21110,0.06263
525462,"2005 EO304",2455663.99897,42.33971,13.194811,-3.93791,-0.60202,0.02092,-0.31896,0.02092
525462,"2005 EO304",2455664.00547,42.33972,13.194803,-3.93786,-0.60999,0.02303,-0.35187,0.02303
525462,"2005 EO304",2455664.01197,42.33973,13.194797,-3.93781,-0.58532,0.02528,-0.34848,0.02528
525462,"2005 EO304",2455664.01849,42.33973,13.194789,-3.93776,-0.62235,0.02086,-0.32715,0.02086
525462,"2005 EO304",2455664.02500,42.33974,13.194781,-3.93771,-0.58164,0.02297,-0.34742,0.02297
525462,"2005 EO304",2457893.65639,42.24871,13.643708,-6.79167,0.95971,0.00125,0.28960,0.00048
525462,"2005 EO304",2458864.49753,43.07833,13.988872,-8.89751,-1.71063,0.00093,0.21285,0.00187
525816,"2005 SF278",2456999.86155,34.89427,3.168244,6.17434,-0.11503,0.00100,0.37647,0.00191
532037,"2013 FY27",2458133.57973,79.50285,10.796608,-7.02427,0.13885,0.00098,-0.10392,0.00184
532037,"2013 FY27",2458269.54192,79.96504,10.729931,-6.43224,0.10356,0.01585,-0.08259,0.00993
532037,"2013 FY27",2458271.48916,79.99650,10.730078,-6.42609,-0.00000,0.05000,-0.00000,0.05000
532037,"2013 FY27",2458305.75264,80.53111,10.740306,-6.36988,-0.13403,0.00084,0.09613,0.00149
532037,"2013 FY27",2458307.80347,80.55986,10.741339,-6.36980,-0.00000,0.05000,0.00000,0.05000
532037,"2013 FY27",2458311.11333,80.60500,10.743097,-6.37046,0.00000,0.05000,-0.00000,0.05000
0,"1998 WV24",2454339.62478,38.43228,3.785819,18.68290,-0.01434,0.02327,-0.01324,0.03174
0,"1998 WW31",2452103.39931,47.35306,3.637156,19.60033,0.48083,0.00236,0.73929,0.00317
0,"1998 WW31",2452131.29006,46.92780,3.658178,19.66164,0.37245,0.00541,0.67017,0.00712
0,"1998 WW31",2452163.18339,46.40182,3.660075,19.65779,0.21209,0.00578,0.54794,0.00287
0,"1998 WW31",2452273.98683,46.06694,3.547481,19.23529,0.41276,0.00570,0.05951,0.00251
0,"1998 WW31",2452294.02363,46.34970,3.534119,19.18084,0.54044,0.00474,0.15793,0.00514
0,"1998 WW31",2452329.73034,46.95996,3.534022,19.16647,0.69528,0.00739,0.31998,0.00391
0,"1998 WW31",2452468.58829,47.43260,3.713292,19.72010,0.90493,0.00609,0.73299,0.00677
0,"1998 WW31",2452500.56954,46.94311,3.736775,19.78456,0.90133,0.00373,0.79308,0.00512
0,"1998 WW31",2452531.21831,46.43913,3.736911,19.77380,0.89493,0.00373,0.83599,0.00499
0,"1998 WW31",2452561.99178,46.03738,3.715614,19.69355,0.85983,0.00431,0.86517,0.00200
0,"1998 WW31",2452591.56142,45.85983,3.681367,19.57055,0.80549,0.00374,0.87204,0.00324
0,"1998 WW31",2452622.19331,45.95006,3.643203,19.43258,0.72199,0.00374,0.86345,0.00200
0,"1998 WW31",2452654.34796,46.31998,3.614425,19.32423,0.61340,0.00529,0.82855,0.00561
0,"1998 WW31",2452683.91122,46.81001,3.607600,19.29088,0.51199,0.00432,0.76561,0.00229
0,"1998 WW31",2456235.02142,46.58880,4.472003,20.43292,0.49868,0.05000,0.62460,0.05000
0,"1998 WW31",2456590.90126,46.68958,4.558139,20.49569,0.94313,0.00362,0.68637,0.00169
0,"1999 OJ4",2452552.09830,37.55838,21.415481,-16.09394,-0.03528,0.00416,0.07056,0.01008
0,"1999 OJ4",2453576.20782,37.15639,21.818947,-14.42436,0.09392,0.00056,0.03652,0.00057
0,"1999 OJ4",2454287.47108,37.32587,22.044836,-13.43876,-0.01522,0.00222,-0.14436,0.00127
0,"1999 OJ4",2454288.94139,37.30862,22.043494,-13.44711,-0.02094,0.00165,-0.14481,0.00100
0,"1999 OJ4",2454294.37924,37.24887,22.038161,-13.47981,-0.05148,0.00281,-0.13556,0.00100
0,"1999 OJ4",2454314.42507,37.09062,22.014350,-13.62004,-0.07347,0.00233,0.00338,0.00446
0,"1999 OJ4",2454336.89252,37.04478,21.983278,-13.79475,0.10699,0.00247,0.00925,0.00137
0,"1999 OJ4",2456146.00064,43.61963,23.069981,19.67878,-0.04287,0.05000,-0.08995,0.05000
0,"1999 OJ4",2456590.72987,37.32424,22.530164,-11.37356,-0.03725,0.00100,0.05050,0.00100
0,"1999 OJ4",2457270.99837,36.80695,22.794328,-10.02414,0.04715,0.00256,0.07722,0.00312
0,"1999 RT214",2453941.76093,39.72229,22.067267,-12.35440,0.11331,0.00084,0.00059,0.00030
0,"1999 RT214",2454616.05964,40.48562,22.286894,-11.25117,-0.07026,0.00377,0.01500,0.00610
0,"1999 RT214",2454716.89233,39.62863,22.199936,-11.77068,0.10095,0.00321,0.02694,0.00377
0,"1999 RT214",2456935.70374,39.69922,22.729956,-9.10256,-0.04490,0.00141,-0.07114,0.00302
0,"1999 RT214",2456965.58101,40.08012,22.706950,-9.23598,0.06845,0.00373,-0.03427,0.00252
0,"1999 RT214",2457991.88901,39.53875,23.056431,-7.29661,0.10265,0.00248,0.00693,0.00579
0,"1999 XY143",2454728.66073,44.13743,5.948081,21.87483,-0.02467,0.00153,-0.07973,0.00175
0,"2000 CF105",2452286.55643,41.32281,8.408892,19.80785,0.74889,0.01375,-0.18331,0.01375
0,"2000 CF105",2452286.56129,41.32280,8.408886,19.80787,0.75571,0.00989,-0.25289,0.00989
0,"2000 CF105",2452286.56545,41.32278,8.408881,19.80789,0.73018,0.00989,-0.20864,0.00989
0,"2000 CF105",2452286.57032,41.32277,8.408872,19.80792,0.71512,0.02295,-0.20455,0.02295
0,"2000 CF105",2452694.65605,41.44682,8.444753,19.68894,0.96628,0.00152,-0.09927,0.00604
0,"2000 CF105",2452752.42341,42.26421,8.412736,19.78967,0.92816,0.00218,-0.07380,0.00182
0,"2000 CF105",2453129.74294,42.44907,8.509014,19.45773,0.65272,0.00773,0.08477,0.00773
0,"2000 CF105",2453129.75054,42.44920,8.509019,19.45772,0.65189,0.00658,0.08256,0.00658
0,"2000 CF105",2453129.75815,42.44933,8.509022,19.45770,0.65298,0.00819,0.08354,0.00819
0,"2000 CF105",2453129.76575,42.44946,8.509025,19.45769,0.65565,0.00672,0.08703,0.00672
0,"2000 CF105",2453139.67370,42.61340,8.514933,19.43490,0.63858,0.00593,0.08490,0.00593
0,"2000 CF105",2453139.68131,42.61352,8.514939,19.43488,0.63946,0.00727,0.08661,0.00727
0,"2000 CF105",2453139.68891,42.61364,8.514944,19.43486,0.63827,0.00823,0.08422,0.00823
0,"2000 CF105",2453139.69651,42.61377,8.514950,19.43484,0.63968,0.00718,0.09014,0.00718
0,"2000 CF105",2453155.66859,42.85768,8.529522,19.38028,0.62015,0.00745,0.09642,0.00745
0,"2000 CF105",2453155.67619,42.85779,8.529531,19.38025,0.61831,0.00699,0.09120,0.00699
0,"2000 CF105",2453155.68442,42.85790,8.529542,19.38022,0.61717,0.01067,0.09864,0.01067
0,"2000 CF105",2453155.69202,42.85801,8.529550,19.38019,0.61186,0.01155,0.09634,0.01155
0,"2000 CF105",2453768.00211,41.33564,8.754625,18.56877,-0.54834,0.22328,0.50477,0.22328
0,"2000 CF105",2454064.12680,41.96329,8.917639,17.91552,-0.70080,0.10930,0.44286,0.10930
0,"2000 CF105",2454880.96251,41.40549,9.006844,17.56105,-1.17388,0.04876,0.37426,0.04876
0,"2000 CF105",2454880.96874,41.40552,9.006836,17.56108,-1.14944,0.04678,0.41510,0.04678
0,"2000 CF105",2454880.97393,41.40554,9.006831,17.56111,-1.16731,0.09582,0.35399,0.09582
0,"2000 CF105",2454880.97911,41.40557,9.006822,17.56114,-1.04265,0.07135,0.48398,0.07135
0,"2000 CF105",2454880.98489,41.40560,9.006817,17.56117,-1.16555,0.09421,0.44074,0.09421
0,"2000 CF105",2454880.99007,41.40562,9.006808,17.56120,-1.16878,0.06573,0.36819,0.06573
0,"2000 CF105",2455190.02131,41.62778,9.168158,16.86663,-0.99726,0.03004,0.28976,0.03004
0,"2000 CF105",2455190.02709,41.62771,9.168153,16.86666,-1.01933,0.03399,0.29225,0.03399
0,"2000 CF105",2455190.03290,41.62764,9.168147,16.86668,-1.03268,0.03763,0.25079,0.03763
0,"2000 CF105",2455190.03870,41.62757,9.168142,16.86671,-1.01219,0.03827,0.26022,0.03827
0,"2000 CF105",2455190.04623,41.62749,9.168136,16.86674,-1.00945,0.02967,0.28202,0.02967
0,"2000 CF105",2455248.81836,41.42555,9.094319,17.19161,-1.01592,0.03528,0.16848,0.03528
0,"2000 CF105",2455248.82403,41.42558,9.094311,17.19164,-1.03488,0.03376,0.24465,0.03376
0,"2000 CF105",2455248.82973,41.42561,9.094306,17.19167,-0.94440,0.02870,0.29025,0.02870
0,"2000 CF105",2455248.83542,41.42564,9.094297,17.19170,-0.89137,0.05230,0.26631,0.05230
0,"2000 CF105",2455290.81061,41.87312,9.053789,17.35976,-0.95857,0.01697,0.20904,0.01697
0,"2000 CF105",2455290.81630,41.87321,9.053786,17.35978,-0.93832,0.01826,0.18611,0.01826
0,"2000 CF105",2455290.82198,41.87329,9.053783,17.35979,-0.93992,0.01734,0.18574,0.01734
0,"2000 CF105",2455290.82766,41.87337,9.053781,17.35980,-0.94604,0.02203,0.22356,0.02203
0,"2000 CF105",2455290.83335,41.87346,9.053778,17.35981,-0.92456,0.02065,0.20027,0.02065
0,"2000 CF105",2455505.10390,42.44204,9.273386,16.38805,-0.60023,0.01398,0.04063,0.01398
0,"2000 CF105",2455505.10981,42.44194,9.273389,16.38804,-0.61485,0.01458,0.04363,0.01458
0,"2000 CF105",2455505.11572,42.44183,9.273389,16.38803,-0.60532,0.01394,0.03610,0.01394
0,"2000 CF105",2455505.12163,42.44173,9.273392,16.38802,-0.63392,0.01398,0.06053,0.01398
0,"2000 CF105",2455505.12755,42.44163,9.273394,16.38802,-0.61807,0.01403,0.05487,0.01403
0,"2000 CF105",2455505.13347,42.44153,9.273397,16.38801,-0.62484,0.01587,0.07888,0.01587
0,"2000 CF105",2455597.95768,41.39283,9.206275,16.70412,-0.46820,0.03022,-0.03875,0.03022
0,"2000 CF105",2455597.96361,41.39283,9.206269,16.70416,-0.53676,0.04844,-0.01913,0.04844
0,"2000 CF105",2455597.97544,41.39283,9.206253,16.70423,-0.50943,0.03643,-0.01659,0.03643
0,"2000 CF105",2455597.98135,41.39283,9.206244,16.70426,-0.45730,0.03395,0.00005,0.03395
0,"2000 CF105",2455597.98727,41.39283,9.206236,16.70430,-0.52770,0.03367,-0.05343,0.03367
0,"2000 QL251",2453941.94871,38.27495,23.981433,2.69341,-0.24089,0.00045,-0.10082,0.00050
0,"2000 QL251",2454297.44799,38.57595,0.085056,3.27275,-0.10209,0.00286,-0.16995,0.00124
0,"2000 QL251",2454300.90875,38.52329,0.083889,3.26817,-0.05006,0.00118,-0.15815,0.00219
0,"2000 QL251",2454317.99035,38.28726,0.074078,3.21770,-0.02229,0.00264,0.08140,0.00189
0,"2000 QL251",2454340.24752,38.06382,0.052731,3.09037,-0.23335,0.00194,-0.12592,0.00176
0,"2000 QL251",2454703.85859,38.22113,0.156444,3.67636,0.07422,0.00133,-0.06801,0.00148
0,"2000 QL251",2455185.00800,39.15379,0.153708,3.49424,-0.23546,0.00200,-0.10908,0.00319
0,"2000 QL251",2456199.91668,38.63891,0.519600,5.66497,-0.24370,0.02000,-0.10323,0.02000
0,"2000 QL251",2457235.11782,39.65896,0.872739,7.60836,-0.03923,0.00798,-0.15133,0.00409
0,"2000 QL251",2457974.09625,39.90128,1.061758,8.59614,0.04251,0.00450,-0.11296,0.00563
0,"2000 WT169",2454733.90101,44.72403,5.196325,22.02036,0.03374,0.03766,0.02492,0.02822
0,"2000 WT169",2455223.97132,44.32048,5.153444,22.00230,-0.05906,0.00162,0.05715,0.00303
0,"2000 WT169",2455601.09511,44.50247,5.234333,22.13314,-0.03685,0.00432,-0.06758,0.00100
0,"2001 FL185",2453759.91944,40.32206,11.337550,8.21517,0.01654,0.00135,-0.04595,0.00105
0,"2001 FL185",2454418.69453,41.55468,11.509544,6.99955,-0.01969,0.00233,0.06657,0.00549
0,"2001 QC298",2452552.16157,39.71831,22.571733,-6.55139,-0.03353,0.00215,0.12321,0.00303
0,"2001 QC298",2452752.46871,41.16560,22.725142,-5.27933,0.06479,0.00253,-0.06930,0.00535
0,"2001 QC298",2452821.09865,40.07471,22.744144,-4.93360,-0.01892,0.00030,0.12577,0.00060
0,"2001 QC298",2452830.23716,39.94442,22.738169,-4.93946,0.10265,0.00144,-0.04927,0.00090
0,"2001 QC298",2452846.37502,39.75092,22.723550,-4.97684,-0.05483,0.00048,-0.04894,0.00113
0,"2001 QC298",2452875.11841,39.56012,22.688339,-5.10981,0.09058,0.00030,0.11045,0.00030
0,"2001 QC298",2453132.52910,40.97393,22.798258,-3.98721,-0.10199,0.00211,0.04131,0.00129
0,"2001 QC298",2453176.18631,40.25641,22.809158,-3.75776,0.09395,0.00119,-0.05315,0.00069
0,"2001 QC298",2455473.06835,39.75013,23.062433,3.02739,0.03971,0.00051,0.14506,0.00294
0,"2001 QQ322",2454266.53867,43.28884,23.662325,-6.48989,-0.10347,0.00244,-0.06835,0.00159
0,"2001 QW322",2452117.92296,43.25528,20.580064,-18.83043,-3.38757,0.12586,1.23479,0.12586
0,"2001 QW322",2452145.74085,43.35606,20.545353,-18.96403,-3.62521,0.10676,1.41479,0.10676
0,"2001 QW322",2452145.76181,43.35621,20.545331,-18.96412,-3.69723,0.11439,1.13763,0.11439
0,"2001 QW322",2452145.78289,43.35637,20.545306,-18.96421,-3.71884,0.07242,1.36083,0.07242
0,"2001 QW322",2452146.75689,43.36383,20.544197,-18.96846,-3.45959,0.13981,1.41479,0.13981
0,"2001 QW322",2452146.77753,43.36399,20.544175,-18.96855,-3.62884,0.05462,1.22399,0.05462
0,"2001 QW322",2452170.66406,43.61893,20.521431,-19.05614,-3.89158,0.21638,1.26363,0.21638
0,"2001 QW322",2452170.67234,43.61905,20.521425,-19.05617,-3.90598,0.21638,1.61999,0.21638
0,"2001 QW322",2452170.67648,43.61910,20.521422,-19.05618,-3.63959,0.21638,1.54079,0.21638
0,"2001 QW322",2452171.68914,43.63265,20.520686,-19.05906,-3.98517,0.15277,1.20236,0.15277
0,"2001 QW322",2452433.02857,43.65271,20.719972,-18.39848,-3.29764,0.07713,1.49040,0.07713
0,"2001 QW322",2452433.03979,43.65256,20.719964,-18.39852,-3.20401,0.07713,1.49398,0.07713
0,"2001 QW322",2452520.50102,43.44816,20.621114,-18.79748,-3.14645,0.03348,1.46882,0.03348
0,"2001 QW322",2452521.49922,43.45789,20.620092,-18.80150,-2.91961,0.14880,1.47601,0.14880
0,"2001 QW322",2452849.55982,43.29948,20.750789,-18.40487,-2.83323,0.20615,1.62005,0.20615
0,"2001 QW322",2452851.79834,43.29847,20.747914,-18.41666,-2.70357,0.06417,1.73519,0.06417
0,"2001 QW322",2452940.50556,44.24596,20.679442,-18.69625,-2.41202,0.03435,1.66680,0.03435
0,"2001 QW322",2452940.51013,44.24604,20.679442,-18.69625,-2.39401,0.02654,1.66679,0.02654
0,"2001 QW322",2452940.51355,44.24609,20.679442,-18.69624,-2.39399,0.03751,1.68477,0.03751
0,"2001 QW322",2453264.63690,43.61600,20.779344,-18.41307,-1.82156,0.21886,1.88998,0.21886
0,"2001 QW322",2453264.66437,43.61633,20.779319,-18.41317,-1.89720,0.21886,1.69921,0.21886
0,"2001 QW322",2453290.49947,43.99063,20.764667,-18.47371,-1.54079,0.02344,1.77836,0.02344
0,"2001 QW322",2453290.64095,43.99294,20.764628,-18.47387,-1.58398,0.02499,1.76037,0.02499
0,"2001 QW322",2453291.63509,44.00922,20.764378,-18.47496,-1.51559,0.06250,1.62721,0.06250
0,"2001 QW322",2453293.66448,44.04275,20.763944,-18.47688,-1.54796,0.07031,1.70639,0.07031
0,"2001 QW322",2453559.94718,43.43753,20.946172,-17.83256,-0.86400,0.02623,1.80364,0.02623
0,"2001 QW322",2453559.97006,43.43737,20.946147,-17.83268,-0.95400,0.04073,1.82522,0.04073
0,"2001 QW322",2453584.62595,43.34605,20.916022,-17.96470,-0.89642,0.06250,1.69563,0.06250
0,"2001 QW322",2453639.67135,43.75166,20.856908,-18.21449,-0.81358,0.07490,1.82879,0.07490
0,"2001 QW322",2453639.73657,43.75257,20.856864,-18.21467,-0.90360,0.07316,1.73883,0.07316
0,"2001 QW322",2453647.61739,43.86716,20.852283,-18.23377,-0.74157,0.09573,1.73877,0.09573
0,"2001 QW322",2453647.65318,43.86770,20.852267,-18.23384,-0.87121,0.08922,1.65963,0.08922
0,"2001 QW322",2454030.39960,44.15454,20.931297,-18.02086,0.11519,0.14669,1.59835,0.14669
0,"2001 QW322",2454036.54920,44.25961,20.931211,-18.02135,0.25919,0.03534,1.61635,0.03534
0,"2001 QW322",2454036.55355,44.25969,20.931211,-18.02135,0.15841,0.03354,1.65604,0.03354
0,"2001 QW322",2454359.69381,43.63686,21.034597,-17.69527,0.98637,0.11067,1.55517,0.11067
0,"2001 QW322",2454359.70003,43.63693,21.034592,-17.69529,0.83520,0.09331,1.65959,0.09331
0,"2001 QW322",2454359.73572,43.63734,21.034558,-17.69544,0.99360,0.08680,1.54082,0.08680
0,"2001 QW322",2454360.51976,43.64622,21.033850,-17.69850,0.97202,0.04346,1.50845,0.04346
0,"2001 QW322",2454360.52459,43.64628,21.033847,-17.69852,1.01161,0.02356,1.58760,0.02356
0,"2001 QW322",2454383.51232,43.96048,21.018408,-17.76461,1.08719,0.04377,1.43997,0.04377
0,"2001 QW322",2454383.52030,43.96061,21.018406,-17.76463,1.02241,0.03280,1.50483,0.03280
0,"2001 QW322",2454383.53712,43.96087,21.018397,-17.76466,1.01160,0.03280,1.49042,0.03280
0,"2001 QW322",2454407.58849,44.36238,21.015403,-17.77694,1.06201,0.05754,1.49400,0.05754
0,"2001 QW322",2454407.59269,44.36245,21.015403,-17.77694,1.24562,0.06547,1.46163,0.06547
0,"2001 QW322",2454416.53120,44.51735,21.018061,-17.76554,1.12682,0.05313,1.46522,0.05313
0,"2001 QW322",2454680.93163,43.42009,21.170239,-17.20842,1.63802,0.06144,1.27443,0.06144
0,"2001 QW322",2454763.59645,44.20557,21.098314,-17.52949,1.89721,0.06944,1.07641,0.06944
0,"2001 QW322",2455030.00906,43.50526,21.274231,-16.84486,2.04657,0.05189,0.78595,0.05189
0,"2001 QW322",2455030.01335,43.50523,21.274225,-16.84488,2.09220,0.05692,0.74414,0.05692
0,"2001 QW322",2455030.01764,43.50521,21.274219,-16.84490,2.14301,0.06157,0.72428,0.06157
0,"2001 QW322",2455030.02193,43.50518,21.274217,-16.84493,2.09412,0.05332,0.71802,0.05332
0,"2001 QW322",2455030.02623,43.50516,21.274211,-16.84495,2.02544,0.06002,0.70065,0.06002
0,"2001 QW322",2455030.03051,43.50513,21.274206,-16.84497,2.07570,0.06157,0.74960,0.06157
0,"2001 QW322",2455124.62667,44.13631,21.182292,-17.26879,2.09270,0.04433,0.57853,0.04433
0,"2001 QW322",2455124.63090,44.13638,21.182289,-17.26880,2.13689,0.07409,0.54985,0.07409
0,"2001 QW322",2455124.63467,44.13644,21.182289,-17.26880,1.97612,0.07905,0.51650,0.07905
0,"2001 QW322",2455124.63889,44.13651,21.182289,-17.26880,2.08130,0.05580,0.48825,0.05580
0,"2001 QW322",2455307.81794,44.75297,21.386414,-16.38042,1.84977,0.18730,0.25377,0.18730
0,"2001 QW322",2455307.83909,44.75263,21.386428,-16.38037,1.85156,0.35483,0.03011,0.35483
0,"2001 QW322",2455307.84409,44.75255,21.386433,-16.38036,1.60869,0.18129,-0.00540,0.18129
0,"2001 QW322",2455307.84909,44.75247,21.386436,-16.38034,1.83344,0.11929,-0.02422,0.11929
0,"2001 QW322",2455307.85409,44.75238,21.386439,-16.38033,1.83384,0.11724,-0.01442,0.11724
0,"2001 QW322",2455307.85908,44.75230,21.386442,-16.38032,1.77281,0.19183,-0.10119,0.19183
0,"2001 QW322",2455359.87401,43.90868,21.389144,-16.40309,1.79700,0.02151,-0.01893,0.02151
0,"2001 QW322",2455359.87825,43.90862,21.389142,-16.40311,1.77338,0.02387,0.00925,0.02387
0,"2001 QW322",2455359.88202,43.90857,21.389139,-16.40312,1.77098,0.02790,0.00828,0.02790
0,"2001 QW322",2455359.88625,43.90850,21.389139,-16.40313,1.76180,0.02716,0.00244,0.02716
0,"2001 QW322",2455417.72470,43.46070,21.330986,-16.70056,1.64377,0.01327,-0.13499,0.01327
0,"2001 QW322",2455417.72893,43.46070,21.330981,-16.70059,1.62204,0.02654,-0.15359,0.02654
0,"2001 QW322",2455417.73248,43.46070,21.330975,-16.70061,1.63322,0.02418,-0.12246,0.02418
0,"2001 QW322",2455417.73648,43.46070,21.330969,-16.70063,1.64444,0.00992,-0.12779,0.00992
0,"2001 QW322",2455417.74037,43.46070,21.330967,-16.70065,1.65128,0.01748,-0.09661,0.01748
0,"2001 QW322",2455417.74299,43.46070,21.330961,-16.70067,1.65231,0.01426,-0.13357,0.01426
0,"2001 QW322",2455417.74560,43.46070,21.330958,-16.70069,1.65136,0.01290,-0.13163,0.01290
0,"2001 QW322",2455417.74822,43.46070,21.330956,-16.70070,1.65243,0.01463,-0.12831,0.01463
0,"2001 QW322",2455417.75083,43.46070,21.330953,-16.70072,1.63333,0.01513,-0.14992,0.01513
0,"2001 QW322",2455417.75356,43.46070,21.330950,-16.70073,1.63302,0.01035,-0.13262,0.01035
0,"2001 QW322",2455440.80099,43.53745,21.302836,-16.83415,1.62052,0.02058,-0.17922,0.02058
0,"2001 QW322",2455440.80574,43.53749,21.302833,-16.83417,1.59692,0.03075,-0.15576,0.03075
0,"2001 QW322",2455440.81050,43.53752,21.302828,-16.83420,1.59881,0.03174,-0.21043,0.03174
0,"2001 QW322",2455440.81527,43.53755,21.302822,-16.83423,1.58832,0.02765,-0.17651,0.02765
0,"2001 QW322",2455440.82001,43.53758,21.302817,-16.83425,1.56971,0.03181,-0.18520,0.03181
0,"2001 QW322",2455440.82476,43.53761,21.302811,-16.83428,1.58729,0.02306,-0.20519,0.02306
0,"2001 QW322",2455445.72949,43.57323,21.297303,-16.85988,1.57199,0.01606,-0.19054,0.01606
0,"2001 QW322",2455445.73372,43.57326,21.297300,-16.85990,1.54560,0.02740,-0.20010,0.02740
0,"2001 QW322",2455445.73750,43.57329,21.297294,-16.85992,1.56635,0.02003,-0.19470,0.02003
0,"2001 QW322",2455445.74174,43.57333,21.297289,-16.85994,1.56541,0.01426,-0.19003,0.01426
0,"2001 QW322",2458013.02178,43.67612,21.862939,-14.83033,-3.54180,0.00100,0.46879,0.00244
0,"2002 VF130",2454774.32596,42.08694,4.828678,23.99748,-0.57687,0.00340,0.45274,0.00096
0,"2003 HG57",2455553.19579,43.24784,13.882906,-11.31633,-0.25020,0.00152,0.33813,0.00158
0,"2003 QR91",2455079.01762,38.24970,21.539631,-11.74474,-0.00582,0.00565,0.01170,0.01316
0,"2003 QR91",2455079.60813,38.25353,21.538897,-11.74852,0.01316,0.00981,-0.00448,0.01194
0,"2003 QR91",2455081.14790,38.26396,21.537000,-11.75833,-0.00985,0.00452,0.02065,0.01304
0,"2003 QR91",2455322.17654,39.41985,21.734000,-10.80072,0.00700,0.00643,-0.01369,0.00800
0,"2003 QR91",2455328.57163,39.31420,21.736878,-10.77702,0.00769,0.00573,-0.00153,0.00682
0,"2003 QY90",2452935.55059,44.55711,21.765700,-16.07219,0.33590,0.02630,-0.23520,0.03150
0,"2003 QY90",2453261.61952,44.06464,21.874358,-15.59967,-0.32910,0.01320,0.19000,0.01790
0,"2003 QY90",2453529.89323,44.61508,22.044667,-14.71169,0.23210,0.00990,-0.15660,0.00980
0,"2003 QY90",2453530.83826,44.60010,22.044428,-14.71406,0.23760,0.02010,-0.16630,0.02020
0,"2003 QY90",2453560.83068,44.19168,22.027156,-14.83686,0.31790,0.01250,-0.16900,0.01730
0,"2003 QY90",2453576.59475,44.03872,22.012744,-14.92619,0.32118,0.00058,-0.16998,0.00249
0,"2003 QY90",2453591.69560,43.97550,21.994578,-15.02936,0.31880,0.00440,-0.14200,0.00580
0,"2003 QY90",2453597.46684,43.95227,21.988547,-15.06395,0.32174,0.00108,-0.15645,0.00064
0,"2003 QY90",2453617.98881,43.98993,21.963711,-15.19658,0.30756,0.00151,-0.13804,0.00114
0,"2003 QY90",2453996.37532,44.06206,22.027214,-14.91707,0.19047,0.00112,-0.04018,0.00177
0,"2003 QY90",2454384.89383,44.31662,22.082806,-14.66448,0.06438,0.00148,-0.07545,0.00179
0,"2003 QY90",2454961.58943,45.17737,22.344261,-13.25144,-0.10401,0.00103,-0.03098,0.00387
0,"2003 TJ58",2454061.74291,39.96477,5.013247,23.35795,0.10010,0.00122,0.06001,0.00092
0,"2003 TJ58",2454324.56818,41.42731,5.147403,23.52542,0.09071,0.00305,-0.00587,0.00239
0,"2003 TJ58",2454346.60030,41.07715,5.165239,23.55320,0.08640,0.00182,0.10062,0.00147
0,"2003 TJ58",2454396.20344,40.29494,5.154772,23.55517,-0.05749,0.00143,0.16160,0.00227
0,"2003 TJ58",2454424.76003,40.02309,5.121056,23.51951,-0.10744,0.00215,0.07768,0.00254
0,"2003 TJ58",2456668.06883,40.31603,5.679011,24.10292,0.10999,0.00380,0.00110,0.00331
0,"2003 UN284",2452963.77119,41.49760,3.429708,19.73996,1.65012,0.23251,0.91289,0.23251
0,"2003 UN284",2452963.84258,41.49768,3.429608,19.73962,1.75620,0.30626,1.00475,0.30626
0,"2003 UN284",2453018.55395,41.98267,3.369822,19.51986,1.18000,0.39598,0.89000,0.39598
0,"2003 UN284",2453018.57822,41.98303,3.369808,19.51980,1.29997,0.07532,1.00998,0.07532
0,"2003 UN284",2453019.55509,41.99781,3.369261,19.51761,1.18998,0.06334,1.10998,0.06334
0,"2003 UN284",2453019.55912,41.99787,3.369258,19.51760,1.23998,0.09503,0.98998,0.09503
0,"2003 UN284",2453019.56294,41.99793,3.369256,19.51759,1.62001,0.07129,1.00001,0.07129
0,"2003 UN284",2453019.56678,41.99799,3.369253,19.51758,1.49003,0.12673,1.04002,0.12673
0,"2003 UN284",2453019.57066,41.99804,3.369253,19.51758,1.40998,0.10293,0.97999,0.10293
0,"2003 UN284",2453019.57449,41.99810,3.369250,19.51757,1.33997,0.11088,1.01997,0.11088
0,"2003 UN284",2453019.57826,41.99816,3.369247,19.51756,1.29996,0.10293,0.77998,0.10293
0,"2003 UN284",2453019.59368,41.99839,3.369239,19.51752,1.20002,0.11878,1.24002,0.11878
0,"2003 UN284",2453019.59752,41.99845,3.369236,19.51752,1.19998,0.16240,1.04998,0.16240
0,"2003 UN284",2453019.61300,41.99869,3.369228,19.51748,1.41997,0.17030,0.92998,0.17030
0,"2003 UN284",2453019.62078,41.99881,3.369225,19.51747,1.45001,0.31483,1.11001,0.31483
0,"2003 UN284",2453261.88551,42.05735,3.592631,20.35346,0.70998,0.03959,0.73998,0.03959
0,"2003 UN284",2453261.88939,42.05729,3.592628,20.35345,0.65002,0.04754,0.75002,0.04754
0,"2003 UN284",2453261.89329,42.05723,3.592628,20.35345,0.59000,0.03959,0.81000,0.03959
0,"2003 UN284",2454413.76685,41.51979,3.809050,21.28395,-0.43396,0.06026,-0.90115,0.06026
0,"2003 UN284",2454413.85274,41.51947,3.808931,21.28361,-0.44010,0.06222,-0.78379,0.06222
0,"2003 UN284",2454530.63221,42.75402,3.727378,21.01094,-0.18195,0.07218,-0.74881,0.07218
0,"2003 UN284",2455041.08982,42.94512,4.028572,21.99694,0.73818,0.05062,-0.16684,0.05062
0,"2003 UN284",2455041.09436,42.94505,4.028578,21.99696,0.79955,0.04872,-0.13155,0.04872
0,"2003 UN284",2455041.09888,42.94498,4.028581,21.99697,0.75116,0.07543,0.01444,0.07543
0,"2003 UN284",2455041.10341,42.94492,4.028586,21.99699,0.72627,0.05656,-0.14343,0.05656
0,"2003 UN284",2455041.10795,42.94485,4.028589,21.99700,0.70068,0.08036,-0.15674,0.08036
0,"2003 UN284",2455041.11247,42.94478,4.028594,21.99701,0.81901,0.05006,-0.18250,0.05006
0,"2003 UN284",2455068.08723,42.50614,4.045361,22.06206,0.84620,0.02470,-0.12306,0.02470
0,"2003 UN284",2455068.09176,42.50606,4.045361,22.06206,0.79441,0.02458,-0.11155,0.02458
0,"2003 UN284",2455068.09629,42.50599,4.045364,22.06207,0.79474,0.02150,-0.08801,0.02150
0,"2003 UN284",2455068.10082,42.50591,4.045364,22.06208,0.81012,0.02414,-0.11325,0.02414
0,"2003 UN284",2455068.10534,42.50583,4.045367,22.06208,0.81532,0.02251,-0.11576,0.02251
0,"2003 UN284",2455068.10987,42.50576,4.045367,22.06209,0.80471,0.02576,-0.09588,0.02576
0,"2003 UN284",2455146.78629,41.52726,3.990136,21.95358,1.09006,0.04116,-0.04021,0.04116
0,"2003 UN284",2455146.79807,41.52722,3.990119,21.95353,1.03750,0.03774,0.02018,0.03774
0,"2003 UN284",2455146.80459,41.52719,3.990111,21.95351,1.03595,0.05695,-0.04433,0.05695
0,"2003 UN284",2455146.80720,41.52718,3.990108,21.95350,0.95793,0.06138,-0.04934,0.06138
0,"2003 UN284",2455146.80982,41.52718,3.990103,21.95349,0.94977,0.07442,-0.00723,0.07442
0,"2003 UN284",2455146.81516,41.52715,3.990097,21.95347,1.02707,0.04894,-0.00810,0.04894
0,"2003 UN284",2455153.88994,41.50814,3.980081,21.92689,0.93604,0.05886,0.03528,0.05886
0,"2003 UN284",2455153.89448,41.50813,3.980075,21.92688,1.04352,0.04301,0.04744,0.04301
0,"2003 UN284",2455153.89900,41.50813,3.980067,21.92686,1.00794,0.04071,0.11689,0.04071
0,"2003 UN284",2455153.90352,41.50812,3.980061,21.92684,1.00659,0.04133,0.06824,0.04133
0,"2003 UN284",2455153.90805,41.50811,3.980056,21.92683,1.08415,0.04374,-0.04297,0.04374
0,"2003 UN284",2455153.91860,41.50809,3.980039,21.92679,1.05180,0.03870,0.00077,0.03870
0,"2003 UN284",2455177.03824,41.55319,3.947311,21.83534,1.09929,0.03982,0.03653,0.03982
0,"2003 UN284",2455207.54892,41.84546,3.912842,21.73026,1.12054,0.09369,0.10009,0.09369
0,"2003 UN284",2455207.55315,41.84552,3.912839,21.73025,1.10738,0.04032,0.08448,0.04032
0,"2003 UN284",2455207.55704,41.84557,3.912836,21.73024,1.10079,0.03511,0.10720,0.03511
0,"2003 UN284",2455207.56127,41.84562,3.912831,21.73022,1.12899,0.05180,0.00474,0.05180
0,"2003 UN284",2455207.56504,41.84567,3.912828,21.73021,1.10970,0.04799,0.08817,0.04799
0,"2003 UN284",2455207.56929,41.84573,3.912825,21.73020,1.18558,0.02699,0.10478,0.02699
0,"2003 UN284",2455214.87420,41.94743,3.907333,21.71191,1.09591,0.06306,0.15269,0.06306
0,"2003 UN284",2455424.06934,42.68861,4.132419,22.35317,1.27271,0.11631,0.40468,0.11631
0,"2003 UN284",2455424.07389,42.68854,4.132422,22.35318,1.22563,0.08736,0.30783,0.08736
0,"2003 UN284",2455424.07841,42.68847,4.132425,22.35319,1.34839,0.06132,0.32112,0.06132
0,"2003 UN284",2455424.08294,42.68839,4.132428,22.35320,1.34917,0.05320,0.35583,0.05320
0,"2003 UN284",2455424.08746,42.68832,4.132431,22.35321,1.34675,0.05029,0.35518,0.05029
0,"2003 UN284",2455424.09199,42.68824,4.132433,22.35322,1.35998,0.04906,0.26575,0.04906
0,"2003 UN284",2455424.09652,42.68816,4.132436,22.35323,1.21781,0.04670,0.34007,0.04670
0,"2003 UN284",2457728.82164,41.51885,4.613708,23.89083,-0.35135,0.00100,-0.72330,0.00172
0,"2003 YS179",2454773.19662,43.48430,8.044964,22.38440,0.23305,0.00240,0.08539,0.00177
0,"2003 YU179",2454736.90066,40.26804,8.144969,19.49740,0.04394,0.00619,0.05353,0.00561
0,"2004 HD79",2458654.10016,46.20272,16.225736,-19.83678,-0.07793,0.00149,0.02878,0.00198
0,"2004 HK79",2458639.20268,39.75775,15.006203,-16.32583,0.04224,0.00223,0.11753,0.00131
0,"2004 KE19",2458643.40687,42.08036,16.324800,-22.30096,0.00794,0.00143,0.13455,0.00164
0,"2004 MU8",2458662.72728,46.70759,20.593494,-19.67693,0.11774,0.00158,0.12610,0.00169
0,"2004 PB108",2453951.85424,42.63306,23.137975,-11.72654,-0.15686,0.00249,0.08128,0.00134
0,"2004 PB108",2454293.04729,42.84456,23.243697,-11.45852,0.25528,0.00156,0.26392,0.00565
0,"2004 PB108",2454297.06188,42.78890,23.241547,-11.48555,0.22867,0.00187,0.30690,0.00188
0,"2004 PB108",2454303.23653,42.70893,23.237614,-11.53025,0.17984,0.00181,0.36205,0.00164
0,"2004 PB108",2454349.34972,42.39709,23.190858,-11.92887,-0.02921,0.00204,-0.18204,0.00313
0,"2004 PB108",2454375.79927,42.48806,23.159800,-12.14073,0.29506,0.00360,0.05212,0.00376
0,"2004 PV117",2458693.90592,39.84035,22.232556,-10.81427,-0.21895,0.00196,-0.08611,0.00156
0,"2004 PW117",2458667.15971,45.53674,22.021711,-13.94390,-0.68488,0.00151,-0.15437,0.00103
0,"2004 PX117",2458675.17084,46.50751,22.233594,-12.97618,0.03671,0.00127,0.17233,0.00100
0,"2005 BW49",2458891.63110,40.21080,9.860444,15.25442,-0.01040,0.00119,-0.10081,0.00126
0,"2005 CE81",2458946.44876,39.99922,10.446047,12.35836,0.19257,0.00138,-0.14315,0.00130
0,"2005 GD187",2454852.74522,43.07048,10.487339,9.75450,0.24060,0.00616,0.04373,0.00535
0,"2005 VZ122",2454735.42497,33.98735,4.552761,16.50864,0.09154,0.00511,0.00617,0.01123
0,"2006 BR284",2453766.85725,41.11063,8.482478,20.19294,0.26764,0.03872,-0.72444,0.03872
0,"2006 BR284",2453767.89579,41.11275,8.481014,20.19796,0.44412,0.07381,-0.71617,0.07381
0,"2006 BR284",2453767.94218,41.11285,8.480950,20.19818,0.29976,0.06408,-0.61259,0.06408
0,"2006 BR284",2454064.11844,41.66412,8.651531,19.56016,-0.53031,0.04417,-0.45661,0.04417
0,"2006 BR284",2454234.74417,42.39018,8.520731,20.01130,-0.45597,0.10208,0.31483,0.10208
0,"2006 BR284",2454414.10492,41.94112,8.747033,19.18159,0.02440,0.05313,0.54195,0.05313
0,"2006 BR284",2454414.10583,41.94111,8.747033,19.18159,-0.01912,0.07183,0.64091,0.07183
0,"2006 BR284",2454414.10674,41.94109,8.747033,19.18159,0.08523,0.02272,0.56592,0.02272
0,"2006 BR284",2454414.11077,41.94102,8.747033,19.18159,0.05956,0.02266,0.56859,0.02266
0,"2006 BR284",2454421.07536,41.82341,8.746397,19.18698,0.12447,0.03828,0.52926,0.03828
0,"2006 BR284",2454421.08138,41.82331,8.746394,19.18699,0.13718,0.02932,0.53726,0.02932
0,"2006 BR284",2454421.08754,41.82321,8.746394,19.18699,0.11292,0.01045,0.56044,0.01045
0,"2006 BR284",2454421.09362,41.82311,8.746392,19.18700,0.08927,0.01056,0.56904,0.01056
0,"2006 BR284",2454421.09983,41.82301,8.746392,19.18701,0.12118,0.01485,0.56147,0.01485
0,"2006 BR284",2454421.10591,41.82290,8.746392,19.18702,0.10090,0.01452,0.56587,0.01452
0,"2006 BR284",2454529.67858,41.30030,8.629517,19.63843,0.60218,0.05775,0.53091,0.05775
0,"2006 BR284",2454530.71845,41.31107,8.628406,19.64221,0.50248,0.03927,0.49165,0.03927
0,"2006 BR284",2454807.03198,41.52717,8.829117,18.86075,0.99402,0.01540,-0.08078,0.01540
0,"2006 BR284",2454807.03724,41.52710,8.829111,18.86077,1.02932,0.01689,-0.08589,0.01689
0,"2006 BR284",2454807.04249,41.52702,8.829108,18.86078,1.03167,0.02079,-0.08901,0.02079
0,"2006 BR284",2454807.04775,41.52695,8.829106,18.86080,1.05439,0.02618,-0.11178,0.02618
0,"2006 BR284",2454821.98479,41.33760,8.816314,18.91594,0.96029,0.07860,-0.19557,0.07860
0,"2006 BR284",2454822.04476,41.33694,8.816253,18.91620,1.12281,0.06028,-0.13335,0.06028
0,"2006 BR284",2454822.89593,41.32763,8.815383,18.91985,0.99589,0.02634,-0.15447,0.02634
0,"2006 BR284",2454822.90149,41.32757,8.815378,18.91987,1.04764,0.02239,-0.12356,0.02239
0,"2006 BR284",2454879.89884,41.17280,8.740925,19.21181,1.04029,0.05346,-0.23316,0.05346
0,"2006 BR284",2454879.90474,41.17284,8.740919,19.21184,0.96204,0.04521,-0.33499,0.04521
0,"2006 BR284",2454879.91061,41.17287,8.740911,19.21186,0.91421,0.04769,-0.30040,0.04769
0,"2006 BR284",2454879.92239,41.17294,8.740894,19.21192,1.05104,0.04752,-0.30066,0.04752
0,"2006 BR284",2454879.92826,41.17297,8.740889,19.21195,1.03448,0.04730,-0.23527,0.04730
0,"2006 BR284",2454879.93414,41.17301,8.740881,19.21197,1.04153,0.04241,-0.26697,0.04241
0,"2006 BR284",2454934.78054,41.84127,8.696036,19.36318,0.95928,0.03905,-0.35164,0.03905
0,"2006 BR284",2454934.78580,41.84136,8.696036,19.36318,1.01693,0.03564,-0.36545,0.03564
0,"2006 BR284",2454934.79103,41.84145,8.696033,19.36318,0.97852,0.04263,-0.40047,0.04263
0,"2006 BR284",2454934.79629,41.84153,8.696033,19.36318,1.00199,0.03861,-0.33435,0.03861
0,"2006 BR284",2454934.80214,41.84163,8.696033,19.36318,1.04949,0.04961,-0.37028,0.04961
0,"2006 BR284",2454934.80740,41.84172,8.696031,19.36318,0.98756,0.03542,-0.37904,0.03542
0,"2006 BR284",2454963.75128,42.32982,8.702103,19.32659,0.93643,0.02167,-0.40233,0.02167
0,"2006 BR284",2454963.75655,42.32991,8.702108,19.32658,0.97098,0.02029,-0.37976,0.02029
0,"2006 BR284",2454963.76179,42.32999,8.702111,19.32657,0.95614,0.02794,-0.39390,0.02794
0,"2006 BR284",2454963.76707,42.33008,8.702114,19.32655,0.92425,0.03014,-0.41854,0.03014
0,"2006 BR284",2455153.06862,41.85534,8.928717,18.44064,0.59729,0.04928,-0.64816,0.04928
0,"2006 BR284",2455153.07547,41.85522,8.928717,18.44064,0.60800,0.04318,-0.66345,0.04318
0,"2006 BR284",2455178.93268,41.46164,8.916022,18.50202,0.55340,0.03938,-0.72151,0.03938
0,"2006 BR284",2455189.98452,41.32933,8.905797,18.54676,0.53536,0.02261,-0.72321,0.02261
0,"2006 BR284",2455189.99823,41.32918,8.905783,18.54683,0.54983,0.02343,-0.73600,0.02343
0,"2006 BR284",2455190.00507,41.32911,8.905778,18.54686,0.55710,0.02018,-0.75252,0.02018
0,"2006 BR284",2455190.01192,41.32904,8.905769,18.54689,0.55165,0.01821,-0.71352,0.01821
0,"2006 BR284",2455298.74785,41.80534,8.788050,18.99912,0.25188,0.01287,-0.77804,0.01287
0,"2006 BR284",2455298.75470,41.80545,8.788050,18.99912,0.24310,0.01375,-0.76637,0.01375
0,"2006 BR284",2455298.76155,41.80556,8.788047,18.99912,0.24514,0.01815,-0.77694,0.01815
0,"2006 BR284",2455298.76840,41.80568,8.788044,18.99913,0.25949,0.01551,-0.77934,0.01551
0,"2006 BR284",2455298.77523,41.80579,8.788044,18.99913,0.26168,0.01589,-0.78272,0.01589
0,"2006 BR284",2455298.78209,41.80590,8.788042,18.99913,0.26240,0.01595,-0.78480,0.01595
0,"2006 BR284",2455506.07911,42.09640,9.018667,18.05000,-0.37933,0.01425,-0.49961,0.01425
0,"2006 BR284",2455506.08595,42.09628,9.018667,18.05000,-0.36598,0.01694,-0.49984,0.01694
0,"2006 BR284",2455506.09279,42.09616,9.018669,18.04999,-0.39079,0.01562,-0.49160,0.01562
0,"2006 BR284",2455506.09963,42.09605,9.018669,18.04999,-0.37726,0.01859,-0.49930,0.01859
0,"2006 BR284",2455506.10648,42.09593,9.018672,18.04999,-0.36833,0.01436,-0.50258,0.01436
0,"2006 BR284",2455506.11332,42.09581,9.018675,18.04998,-0.34465,0.01331,-0.52102,0.01331
0,"2006 BR284",2455506.12017,42.09569,9.018675,18.04998,-0.34879,0.01524,-0.48587,0.01524
0,"2006 BR284",2455652.79916,41.61863,8.884281,18.61058,-0.67122,0.02184,-0.02527,0.02184
0,"2006 BR284",2455652.80601,41.61873,8.884278,18.61059,-0.64984,0.01749,-0.05050,0.01749
0,"2006 BR284",2455652.81969,41.61893,8.884269,18.61061,-0.59101,0.01969,-0.07382,0.01969
0,"2006 BR284",2455652.82652,41.61903,8.884267,18.61063,-0.60155,0.01914,-0.00811,0.01914
0,"2006 BR284",2455652.83337,41.61913,8.884261,18.61064,-0.63368,0.01986,-0.02306,0.01986
0,"2006 BR284",2456409.80661,42.00628,9.060272,17.84453,1.09013,0.10000,-0.32067,0.10000
0,"2006 BR284",2457775.89794,41.24743,9.509192,15.77144,0.97478,0.00100,-0.04809,0.00100
0,"2006 CH69",2453357.10048,43.57866,9.105997,18.48986,-0.40505,0.08625,-0.50645,0.08625
0,"2006 CH69",2453357.10719,43.57858,9.105992,18.48989,-0.40305,0.07495,-0.58098,0.07495
0,"2006 CH69",2453357.11006,43.57854,9.105992,18.48990,-0.47530,0.07475,-0.66070,0.07475
0,"2006 CH69",2453411.79539,43.27447,9.041961,18.77561,-0.46416,0.13200,-0.52318,0.13200
0,"2006 CH69",2453411.87839,43.27468,9.041853,18.77606,-0.35552,0.11965,-0.54761,0.11965
0,"2006 CH69",2453411.91780,43.27479,9.041800,18.77627,-0.28068,0.05190,-0.53075,0.05190
0,"2006 CH69",2453471.78055,43.89196,8.986508,18.98035,-0.36716,0.03755,-0.52653,0.03755
0,"2006 CH69",2453471.80652,43.89237,8.986500,18.98037,-0.38039,0.05300,-0.42584,0.05300
0,"2006 CH69",2453471.83612,43.89285,8.986492,18.98039,-0.41002,0.10845,-0.48958,0.10845
0,"2006 CH69",2453682.06096,44.24409,9.202714,18.03894,-0.53576,0.07340,-0.15161,0.07340
0,"2006 CH69",2454145.97731,43.30093,9.208136,18.05329,0.11281,0.03615,-0.47807,0.03615
0,"2006 CH69",2454146.01093,43.30103,9.208092,18.05348,0.17550,0.05595,-0.36489,0.05595
0,"2006 CH69",2454590.75606,44.25108,9.236147,17.88405,-0.39295,0.09755,-0.73404,0.09755
0,"2006 CH69",2454590.75871,44.25113,9.236147,17.88404,-0.35614,0.07170,-0.60345,0.07170
0,"2006 CH69",2454591.76275,44.26822,9.236314,17.88257,-0.29314,0.05950,-0.72897,0.05950
0,"2006 CH69",2454591.76540,44.26826,9.236314,17.88257,-0.31328,0.07945,-0.67890,0.07945
0,"2006 CH69",2455190.05734,43.63834,9.519878,16.58849,-0.60491,0.01860,-0.06868,0.01860
0,"2006 CH69",2455190.06243,43.63828,9.519875,16.58851,-0.55464,0.01925,-0.12387,0.01925
0,"2006 CH69",2455190.06756,43.63822,9.519869,16.58853,-0.57049,0.02020,-0.11367,0.02020
0,"2006 CH69",2455190.07266,43.63815,9.519867,16.58856,-0.56160,0.01435,-0.07732,0.01435
0,"2006 CH69",2455207.72435,43.45078,9.502978,16.67746,-0.54498,0.01700,-0.11116,0.01700
0,"2006 CH69",2455207.72858,43.45074,9.502975,16.67749,-0.54294,0.06340,-0.07719,0.06340
0,"2006 CH69",2455207.73236,43.45071,9.502969,16.67751,-0.57541,0.03770,-0.01843,0.03770
0,"2006 CH69",2455207.73659,43.45068,9.502964,16.67753,-0.55324,0.01395,-0.07573,0.01395
0,"2006 CH69",2455207.77541,43.45035,9.502922,16.67775,-0.53558,0.04200,-0.16390,0.04200
0,"2006 CH69",2455207.78341,43.45029,9.502914,16.67779,-0.53878,0.04820,-0.15595,0.04820
0,"2006 CH69",2455207.78764,43.45025,9.502908,16.67782,-0.55313,0.00930,-0.06971,0.00930
0,"2006 CH69",2455209.73432,43.43447,9.500744,16.68883,-0.53532,0.01515,-0.09508,0.01515
0,"2006 CH69",2455209.73856,43.43444,9.500742,16.68886,-0.55089,0.03370,-0.15395,0.03370
0,"2006 CH69",2455209.74233,43.43441,9.500736,16.68888,-0.56375,0.03495,-0.01282,0.03495
0,"2006 CH69",2455209.74657,43.43438,9.500731,16.68890,-0.52398,0.01220,-0.08909,0.01220
0,"2006 CH69",2455298.79500,43.87163,9.405303,17.11953,-0.45479,0.01480,0.00259,0.01480
0,"2006 CH69",2455298.80010,43.87171,9.405300,17.11954,-0.45991,0.01750,0.02331,0.01750
0,"2006 CH69",2455298.80523,43.87178,9.405297,17.11955,-0.48671,0.01460,0.04828,0.01460
0,"2006 CH69",2455298.81034,43.87186,9.405294,17.11956,-0.44983,0.01790,0.03643,0.01790
0,"2006 CH69",2455324.77373,44.29847,9.401517,17.11867,-0.44746,0.02015,0.05475,0.02015
0,"2006 CH69",2455324.77882,44.29856,9.401517,17.11866,-0.44629,0.01870,0.03798,0.01870
0,"2006 CH69",2455324.78395,44.29865,9.401517,17.11865,-0.43870,0.02385,0.01626,0.02385
0,"2006 CH69",2455324.78905,44.29874,9.401519,17.11864,-0.47359,0.02625,0.06256,0.02625
0,"2006 CH69",2455327.78175,44.34967,9.402153,17.11351,-0.41009,0.02565,0.06033,0.02565
0,"2006 CH69",2455334.76101,44.46785,9.404486,17.09755,-0.43457,0.01795,0.07960,0.01795
0,"2006 CH69",2455334.76611,44.46793,9.404489,17.09754,-0.44612,0.02235,0.06952,0.02235
0,"2006 CH69",2455561.90903,43.59126,9.596878,16.21154,0.02695,0.01820,-0.44739,0.01820
0,"2006 CH69",2455561.91599,43.59118,9.596872,16.21157,0.03254,0.01830,-0.43679,0.01830
0,"2006 CH69",2455561.92178,43.59111,9.596867,16.21161,0.03868,0.02085,-0.44492,0.02085
0,"2006 CH69",2455561.92759,43.59105,9.596861,16.21163,0.05466,0.02130,-0.44173,0.02130
0,"2006 CH69",2455561.93919,43.59091,9.596850,16.21169,0.03074,0.01860,-0.43231,0.01860
0,"2006 CH69",2457779.99329,43.55641,10.059556,13.77796,-0.82771,0.00112,-0.26506,0.00100
0,"2006 CH69",2458887.32987,43.57629,10.286211,12.48933,-0.78997,0.00108,-0.46872,0.00114
0,"2006 JV58",2458654.31084,41.33532,16.710881,-21.93695,-0.02705,0.00141,-0.14219,0.00100
0,"2006 SF369",2454417.87410,39.37806,3.877375,0.97913,0.01917,0.00266,0.10758,0.00129
0,"2007 DS101",2458884.35249,42.46007,10.622506,9.86549,-0.00535,0.00145,-0.08481,0.00140
0,"2014 LQ28",2457660.00000,38.80296,23.698661,-0.88444,0.50550,0.05000,-0.69580,0.05000
0,"2014 LQ28",2457680.00000,38.92354,23.675036,-1.04222,-0.16340,0.05000,0.32080,0.05000
0,"2015 RB280",2458764.64442,41.07006,0.939242,6.28869,0.21348,0.00100,0.07125,0.00177
0,"2015 RP280",2458763.16803,44.38431,0.674842,6.87370,-0.12511,0.00147,0.09632,0.00223
0,"2015 RT245",2458729.33590,41.27709,0.700628,5.21351,-0.42762,0.00144,-0.24001,0.00154
0,"2015 VM173",2458699.28452,45.75952,3.555664,17.25927,0.14552,0.00164,-0.06498,0.00109
0,"2015 VW168",2458779.26398,42.44277,3.457917,17.41612,0.18975,0.00268,0.03879,0.00320
