Likelihood,Degrees-of-freedom,P-val,Chi-sq,Reduced_chi_sq,Prior,mass_1,mass_2,sma_2,ecc_2,aop_2,inc_2,lan_2,mea_2,mass_3,sma_3,ecc_3,aop_3,inc_3,lan_3,mea_3,Residuals_Lon_Obj_1,Residuals_Lat_Obj_1,Residuals_Lon_Obj_2,Residuals_Lat_Obj_2
-167133.76640880393,23,0.0,334267.53281760786,14533.370992069908,0.0,1.5301449259518435e+22,9.607408707116749e+20,12661.721374755305,0.0010165422832560246,0.8637166180079987,62.67201841346092,138.4384618129541,169.2400420587212,6.198849828509712e+19,37376.50331180381,0.0035657106720601733,302.066063282732,62.08570696338712,138.94537688168427,12.04454715175956,"[  16.30068934  -41.15024761   20.71773554    5.98691382   -8.25309845
 -139.4890749   -11.00290401  -20.57990386  134.27722973  130.895419
  118.6151597   120.81201777 -130.40543841  -98.49488633  -20.43022657
  126.99566215  109.54553024 -231.76834981 -100.15997632]","[ 1.46117840e+01  1.69698419e+01 -9.97376347e+00  5.93920399e-02
 -1.99436577e+00 -5.38132226e+01 -1.06429053e+01 -2.04910715e+01
 -1.16733824e+02 -1.20770411e+02  4.84399936e+01  5.04351896e+01
 -5.34932273e+01 -6.37520230e+01 -1.04928849e+02  5.16877038e+01
  1.47288396e+02  1.57617242e+02 -1.57043047e+02]","[nan nan nan nan nan nan nan nan nan nan nan nan nan nan nan nan nan nan
 nan]","[nan nan nan nan nan nan nan nan nan nan nan nan nan nan nan nan nan nan
 nan]"
-640335.7581607599,23,0.0,1280671.5163215199,55681.37027484869,0.0,1.5313245964145399e+22,9.598136981672386e+20,13312.054620605137,0.00036595523442686063,2.503731994911334,61.00423804516674,138.77508908804103,166.92331300955712,6.12893857446122e+19,37331.00473452146,0.0018759987659310614,302.0887378951427,62.09068504556676,138.87987448618009,42.80246978964817,"[ 3.71056632e+00 -8.51799811e+00 -4.51584383e+00 -1.94959997e-01
  1.51172778e+00  2.74722708e+01  1.09550341e+00  2.58509316e+01
  3.75402546e+02  3.54036293e+02 -1.05108210e+02 -1.19877781e+02
  1.05704645e+02  9.91615771e+01  1.47871023e+02 -1.09991575e+02
 -3.14058365e+02 -2.10499086e+02  3.07261807e+02]","[   7.05623376    1.98090287    1.68886007    0.84432123    1.30717942
   31.96321816    2.76931774   43.98768345   49.81770898   58.81532873
  362.75763239  355.30448745 -299.86413175 -273.52051212 -114.59518447
  257.44271108  265.42259189 -205.545203   -267.37777203]","[nan nan nan nan nan nan nan nan nan nan nan nan nan nan nan nan nan nan
 nan]","[nan nan nan nan nan nan nan nan nan nan nan nan nan nan nan nan nan nan
 nan]"
-410437.1169671719,23,0.0,820874.2339343438,35690.18408410191,0.0,1.5298010715269297e+22,9.61128910120607e+20,12310.187977173413,8.690904507955598e-05,176.45524361935082,59.11469341195588,139.1629069982809,328.70054954850815,6.15071449565878e+19,37390.220675472905,0.002765345483516962,295.1877378804144,62.061211524332194,138.98402835784688,49.38575668689754,"[-2.79682051e+00  2.15146154e+01 -6.21563478e+00  1.17913477e-01
  1.52920318e+00  3.09759342e+01  1.59351509e+00 -2.55656007e+00
  2.29889001e+01  1.44520836e+01 -2.49816615e+02 -2.61943826e+02
  1.25234773e+02  1.11332361e+02  1.38107481e+02 -1.29629021e+02
 -3.10901964e+02 -1.23023619e+02  3.01110431e+02]","[ -11.63032721   -3.60732612    0.95531101    0.60908313    0.96918881
   25.26194367    2.49653853    0.37367902  197.33370831  204.11779361
  156.53695831  148.00698201 -247.80043995 -225.23514703  -78.20935778
  214.01409682  208.0346402  -212.51186534 -202.26567805]","[nan nan nan nan nan nan nan nan nan nan nan nan nan nan nan nan nan nan
 nan]","[nan nan nan nan nan nan nan nan nan nan nan nan nan nan nan nan nan nan
 nan]"
-160450.5113754641,23,0.0,320901.0227509282,13952.218380475138,0.0,1.5303958469554054e+22,9.598463871808543e+20,12938.558564768528,0.00033894482933023853,171.8825096962553,62.054866284231544,141.23087332733596,325.48014181135477,6.089009878376697e+19,37317.91576136008,0.003735980741541283,308.35540080855515,61.57379244321308,139.04907758485297,44.25736885618153,"[   4.84640533  -11.3754996   -10.65867278   -1.25664207    3.25327492
   57.0055961     2.68076554   21.68998884   43.57088472   34.34648235
 -253.961206   -266.64323176  -21.43727364  -17.42825656   -6.96665053
   21.69226731   26.13214349  -21.06622018  -30.23819994]","[  8.10414334   3.96026499   1.34835018   0.55035144   2.79716918
  65.17753945   7.51227077  85.91088684 211.0616393  218.66244958
 190.69856306 181.01118834  15.21220422  10.39422866  -6.94078733
 -10.9241927    3.0132975   33.31246541   2.25587604]","[nan nan nan nan nan nan nan nan nan nan nan nan nan nan nan nan nan nan
 nan]","[nan nan nan nan nan nan nan nan nan nan nan nan nan nan nan nan nan nan
 nan]"
-375789.6863584529,23,0.0,751579.3727169058,32677.36403116982,0.0,1.5293155481062165e+22,9.587124826830495e+20,12606.440066412228,0.0006691474258493914,171.9069495811173,61.4264533649327,139.95401360123756,331.1740068004463,6.261919323441961e+19,37425.67140969529,0.0023232146435624846,294.567324362299,61.98444945753288,138.75133204359273,31.78665665664232,"[  -4.18888051   10.8163987     9.58063588    3.42805319   -3.73892032
  -57.28563947   -4.18368146  -56.01650743  395.90439756  375.90032933
   -5.11293087  -15.97847903 -133.96452778 -101.38867767  -12.20570605
  130.76884689  103.00021291 -253.49455447  -93.07604898]","[  -8.63155227   -2.45013179   -4.25499837    0.65104054   -1.5946675
  -36.58655277   -6.47008439  -17.89217735  -31.818328    -25.86685389
  328.43098869  323.88974806  -56.22114711  -67.44324966 -111.93397951
   52.4979837   159.66254506  160.24956613 -164.7372256 ]","[nan nan nan nan nan nan nan nan nan nan nan nan nan nan nan nan nan nan
 nan]","[nan nan nan nan nan nan nan nan nan nan nan nan nan nan nan nan nan nan
 nan]"
-264186.89459285536,23,0.0,528373.7891857107,22972.77344285699,0.0,1.5306848911084837e+22,9.613019808806983e+20,12945.179934195345,0.0009884370785531121,353.1478759989259,61.579423066908134,139.95827494965008,157.9575295870711,6.235413117321347e+19,37395.56453795827,0.0032330894736277167,311.5545195905529,62.07416606350097,139.07566953660907,22.885806720013136,"[  -2.09409323    1.65635059    3.68273821    1.72124176   -1.22094553
  -15.52548783   -1.3653006   -11.99554726   -5.59610421  -10.75065438
 -201.78953798 -210.12359695  126.17294784  109.45086981  111.71719199
 -128.69233641 -269.65295439  -47.855992    259.10996541]","[  -3.88381981    0.25406296   -1.42400791    0.97497762   -0.62793897
  -11.92805087   -2.83528051   -7.77872097  169.45143673  174.64602059
  107.47642097  100.9112998  -185.66951551 -165.3494445   -31.28929675
  156.72657245  124.44092181 -213.6489961  -119.14548476]","[nan nan nan nan nan nan nan nan nan nan nan nan nan nan nan nan nan nan
 nan]","[nan nan nan nan nan nan nan nan nan nan nan nan nan nan nan nan nan nan
 nan]"
-56760.006096436744,23,0.0,113520.01219287349,4935.652704037978,0.0,1.5293658029546801e+22,9.598408248819303e+20,12844.660909448567,0.0008712773153329641,180.3834675002021,61.357102051990914,140.11856887739148,327.96451626436846,5.909336171959707e+19,37359.03346317594,0.001402434099630904,298.245685598284,61.54417763695626,139.37745563454212,45.121508853738874,"[  -3.16816401    4.83124168   -3.85392341    0.16112403    1.32520819
   26.54667102    1.23410703    8.59395131   82.13495407   81.2936303
   89.200397     92.42873523  -85.91717837  -67.59852378  -25.28886504
   83.38743576   93.68906743 -109.71600229  -88.6271598 ]","[-2.64626756e+00 -1.13715854e-02  9.41477859e-02  8.05832963e-01
  8.67846966e-01  2.25579737e+01  1.90358118e+00  1.27545492e+01
 -8.10633824e+01 -8.47956393e+01  1.43130286e+01  1.59738792e+01
  8.87117072e+00 -1.09297766e+00 -4.60635358e+01 -2.73346871e+00
  5.15151231e+01  1.10869105e+02 -5.06045452e+01]","[nan nan nan nan nan nan nan nan nan nan nan nan nan nan nan nan nan nan
 nan]","[nan nan nan nan nan nan nan nan nan nan nan nan nan nan nan nan nan nan
 nan]"
-140171.79065201836,23,0.0,280343.5813040367,12188.851361045075,0.0,1.5293449491181201e+22,9.601521848805333e+20,12809.044347576188,0.00032520562105340013,177.83999697164776,61.798068524780064,139.3078010875292,341.97086281256264,5.941195727609581e+19,37462.905520819295,0.0011141269556562867,307.2541438989758,61.990813570717314,139.12743594964152,30.087515317051952,"[ 6.80016177e-02  3.53228439e+01  5.68792510e-01  1.08501354e+00
 -2.65125623e-01 -9.41139905e-03 -3.76035959e-01 -5.03297734e+01
  2.13852462e+02  2.07866723e+02  1.46983624e+02  1.49125487e+02
  7.36594465e+01  6.19442284e+01  4.82030896e+01 -7.67281491e+01
 -1.39275760e+02  2.75006111e+01  1.38887483e+02]","[ -28.44511249   -1.57111671   -0.58291695    0.96075107   -0.19126623
   -1.50813686   -1.46745918  -22.5750097  -144.09310855 -146.9955226
   90.57678434   93.03900621  -63.32053488  -55.11769156    9.60066083
   56.01064613   23.39267226 -122.91879133  -19.20404279]","[nan nan nan nan nan nan nan nan nan nan nan nan nan nan nan nan nan nan
 nan]","[nan nan nan nan nan nan nan nan nan nan nan nan nan nan nan nan nan nan
 nan]"
-30708.868025769138,23,0.0,61417.736051538275,2670.3363500668816,0.0,1.529366038591054e+22,9.601070116504118e+20,12199.502607481476,0.0009418833067310452,3.360062090611791,61.1023311952787,140.20551254343815,173.67615443367544,6.1723420648712176e+19,37354.04602873788,0.002566189032814257,300.1177568495695,61.629283776375644,139.0333469615042,29.710935576335714,"[  3.08567814 -13.07387767   6.70457405   2.9206659   -2.62120794
 -40.35870647  -3.21924722  -3.00399171  50.90510707  50.4586591
  63.47375842  65.70652896 -67.94311473 -52.26653855 -24.84567901
  64.28839819  75.88231318 -79.16880489 -69.01578587]","[  5.09959288   3.13530347  -3.42525709   0.56620539  -0.95556942
 -21.78902359  -4.82691326  -3.47318081 -54.06445296 -57.00088093
   8.47192247   9.97126329   7.49374813  -0.37805048 -28.47227266
  -3.60199905  29.71442041  84.9344587  -35.75947216]","[nan nan nan nan nan nan nan nan nan nan nan nan nan nan nan nan nan nan
 nan]","[nan nan nan nan nan nan nan nan nan nan nan nan nan nan nan nan nan nan
 nan]"
-23878.164409980724,23,0.0,47756.32881996145,2076.3621226070195,0.0,1.5316965788406944e+22,9.587005927777863e+20,11221.504783884313,0.0008200321030677274,181.65603227234266,62.3179949076282,138.1191494377722,332.6712962603121,6.0606302935408706e+19,37325.6762195387,0.0034562901748283062,311.9736040060373,62.090059308590995,138.68650411988835,25.413557295107523,"[ -1.22041721  -3.64596229   1.15732101   1.04365831  -0.5700182
  -1.81365607  -0.26348809   1.12928521  46.05574289  45.79631897
  57.16587342  58.85548771 -59.37815623 -45.75511334 -23.72548529
  59.40809696  65.76372494 -61.38198109 -65.0418999 ]","[ -0.5733416    1.27598605   0.11324579   0.84251564  -0.30465974
  -4.24065479  -1.38511124  -0.73951518 -54.7987118  -57.85813479
   7.41891158   8.79143666  11.14768872   3.20166266 -26.28372613
 -10.62621161  30.75024382  76.31022106 -23.15439413]","[nan nan nan nan nan nan nan nan nan nan nan nan nan nan nan nan nan nan
 nan]","[nan nan nan nan nan nan nan nan nan nan nan nan nan nan nan nan nan nan
 nan]"
-326.31896608389025,23,0.0,652.6379321677805,28.37556226816437,0.0,1.5285126859742438e+22,9.589002477744958e+20,12072.45633081885,0.001075115550704757,175.44888361016535,61.85692777729388,138.79156454667492,339.19981327547947,6.219237905234972e+19,37333.97813834394,0.0019144086922167178,308.1978774777945,61.87694235623485,139.1202991178458,29.01098449400706,"[ -0.86811471   0.09473387  -0.24463517   1.44761197  -0.42786736
  -1.2890891   -0.39385807   1.8953947   -3.36114674  -2.78204302
  -8.69865647  -7.98749268   1.86400273   1.08891434   2.79556164
  -0.53086834 -12.82346136   5.41903324   5.06962379]","[-2.28674741  1.67488172 -0.55124345  0.57844908 -0.25321189 -2.97457814
 -1.46178745 -4.92316106  4.90960959  2.85601489 -1.14484104 -1.35408776
  3.14554546  1.34415032  0.15321739  1.03683251  3.4224592  -8.95329581
  8.32580926]","[nan nan nan nan nan nan nan nan nan nan nan nan nan nan nan nan nan nan
 nan]","[nan nan nan nan nan nan nan nan nan nan nan nan nan nan nan nan nan nan
 nan]"
-3778.209168284455,23,0.0,7556.41833656891,328.5399276769091,0.0,1.5308567400942607e+22,9.600216183619621e+20,11749.8713187117,0.00011560159076320018,176.19904863166948,61.424691164840254,138.81484915105335,342.80835578979094,6.192928819165476e+19,37339.336545848906,0.0020758356506995366,300.5597698388146,62.11314460479523,138.7784260694443,35.68553340825849,"[ -0.63604079  -3.59019509   0.81981223   1.53027665  -0.76996363
  -6.63021347  -0.70887374   1.93988509  14.49685513  14.6998575
  19.44618962  20.48006448 -26.78642516 -20.12685106 -12.43619559
  22.02026066  30.50939181 -21.92687047 -29.04499114]","[-4.27459796e-01  1.75374910e+00 -1.88610343e-02  5.84305744e-01
 -4.35899325e-01 -7.04186532e+00 -1.97586325e+00 -3.96829162e+00
 -2.02952191e+01 -2.27081827e+01  6.03663851e-01  1.17858552e+00
  5.26286618e+00  3.27910151e-01 -7.25958714e+00 -2.29981340e+00
  7.01385182e+00  3.33159432e+01 -1.67392531e+00]","[nan nan nan nan nan nan nan nan nan nan nan nan nan nan nan nan nan nan
 nan]","[nan nan nan nan nan nan nan nan nan nan nan nan nan nan nan nan nan nan
 nan]"
-612.661953408501,23,0.0,1225.323906817002,53.27495247030443,0.0,1.5312645181941379e+22,9.598525580263587e+20,12485.955767336376,0.0009811333800543338,358.2867917299753,62.18889309713863,138.67289045091496,148.39008855510792,6.1532229914360545e+19,37365.80025467947,0.002445280661582449,302.855811953842,61.55271254030349,139.04045217698592,32.804309977879825,"[ -1.76440796  -2.15672924   1.77352206   1.72436003  -0.78988536
  -7.10762196  -0.68775062  -0.10852204  -1.6594522   -1.4775828
  -3.06887006  -2.41428126 -13.06139512 -10.76344446  -3.7528514
  12.55923689   7.80017854  -8.84295188  -6.19874474]","[-0.76770644 -0.09747691 -1.71993079  0.68769132 -0.39847048 -6.95005404
 -2.08488226 -1.87663663 -1.24277702 -4.03510373  0.67234063 -0.16813044
 10.19855108  6.04845399 -4.17655937 -5.7094121   5.78988851 14.17974356
  0.06379018]","[nan nan nan nan nan nan nan nan nan nan nan nan nan nan nan nan nan nan
 nan]","[nan nan nan nan nan nan nan nan nan nan nan nan nan nan nan nan nan nan
 nan]"
-451.6541853231473,23,0.0,903.3083706462946,39.27427698462151,0.0,1.5294234071345614e+22,9.597212419999316e+20,12422.544488308795,0.00037636462397245884,1.197579739303137,60.63158187258676,138.35590866893395,159.32803452151776,6.090667519047736e+19,37349.37677380005,0.0036133662305406792,310.2071097168696,62.17864249402326,138.77393915198675,27.990605984877845,"[ -0.70171988   2.70642394  -0.01745082   1.30313762  -0.22069459
   1.19282865  -0.31334666   4.09970821 -12.01897179 -11.16128747
 -13.34934604 -12.40160662   1.50667216   1.80449078  -1.88538922
  -2.55174941  -2.44203324   4.27439536   1.93199758]","[-2.33315944  0.99652657 -0.65723651  0.80915708 -0.04479314  1.97773651
 -0.90081739 -0.15309721  2.88816153  0.18710635  1.30512035  0.2965779
 -7.74444946 -7.69533718 -1.47886931  7.18590667  2.01520762 -5.40992077
 -1.42642458]","[nan nan nan nan nan nan nan nan nan nan nan nan nan nan nan nan nan nan
 nan]","[nan nan nan nan nan nan nan nan nan nan nan nan nan nan nan nan nan nan
 nan]"
-421.61382528073653,23,0.0,843.2276505614731,36.66207176354231,0.0,1.527988328453772e+22,9.604444303382492e+20,12243.870778679531,0.0018669333168778433,178.38183353434533,61.80286124583896,137.71726306152522,321.7809254625575,6.1577834615437e+19,37347.000971705835,0.002215625455694804,300.43942410628455,62.018952118975264,139.08302406128928,38.13494161911041,"[ -2.60749548   3.53527078  -1.22628571   1.22578425  -0.06051789
   5.81091847   0.2173843    0.03169914  -4.35574665  -3.85520157
 -10.23922282  -9.57820058   2.42811772   3.13114283   0.31399157
  -5.40891263 -11.78989499  13.07066999   6.36718813]","[-1.78639317  1.28174348 -0.32833754  0.61955997 -0.13028879  0.05801006
 -0.82574878  1.26603452  3.29703347  1.24243742 -3.02517824 -3.14244747
 -3.81315709 -5.88263494  1.98009332  6.43667077 -0.54406448 -4.86163253
  1.93566784]","[nan nan nan nan nan nan nan nan nan nan nan nan nan nan nan nan nan nan
 nan]","[nan nan nan nan nan nan nan nan nan nan nan nan nan nan nan nan nan nan
 nan]"
-89.33894843232645,23,0.0,178.6778968646529,7.768604211506648,0.0,1.5306368895663944e+22,9.592288632028518e+20,12202.8070091772,0.0019398130862828332,183.5137779040717,61.17637326987967,139.385007018182,328.6230435392728,6.072992604703896e+19,37353.193400049175,0.002964275009429757,302.2355419554051,61.879313340405595,138.92920251775286,35.43215567374057,"[-1.80101284  0.40398773 -0.38731603  1.39340088 -0.30134059  0.8941099
 -0.21688716  3.49313796  2.16499491  2.21870304  0.07092594  0.58286407
 -3.77302174 -2.29895226 -3.76759022  2.99060671  4.80752501 -3.92807198
  1.99961371]","[-1.45574948 -0.91177675 -0.59376748  0.63046454 -0.15501045 -0.76005117
 -1.14793298  0.36717301 -0.2168847  -1.999009    3.24303081  3.21820701
 -2.52416239 -3.32570556 -1.20612789  1.95180496  0.84115298  3.28437413
 -0.15175878]","[nan nan nan nan nan nan nan nan nan nan nan nan nan nan nan nan nan nan
 nan]","[nan nan nan nan nan nan nan nan nan nan nan nan nan nan nan nan nan nan
 nan]"
-59.755631216881426,23,5.10702591327572e-15,119.51126243376285,5.196141844946211,0.0,1.528668259295954e+22,9.609241139510111e+20,12311.226809290434,0.0006428441112028748,7.863457975184247,61.074874853302184,138.96048801033047,140.85925536578046,6.1202629180449096e+19,37343.262993359276,0.0033161800504186126,297.9024295360392,61.92055506485953,138.5765886336601,39.10243193450748,"[-1.3274543   1.16587029  0.54506812  1.55508372 -0.50541355 -2.19544528
 -0.35160533 -1.65698904 -1.49924734 -0.9190856  -2.82789809 -1.86105184
 -1.95134261 -0.68119289 -3.13864364 -0.07044237  0.33425899  0.77769169
  0.47572323]","[ 0.36399712 -0.55059029 -0.91087137  0.66845697 -0.23110372 -2.63187531
 -1.39848552  0.8952162  -0.22205838 -2.25837019  0.90775294  0.81481671
 -4.14055492 -4.85682766 -0.37884571  4.04737435 -0.62595334 -0.20806775
 -0.57126661]","[nan nan nan nan nan nan nan nan nan nan nan nan nan nan nan nan nan nan
 nan]","[nan nan nan nan nan nan nan nan nan nan nan nan nan nan nan nan nan nan
 nan]"
-36.10596234913428,23,5.513249051736224e-07,72.21192469826856,3.13964889992472,0.0,1.5298983040012215e+22,9.597143252105198e+20,12265.383213545221,4.929399907727317e-05,190.00109541728406,61.54705076549702,139.12691247108623,321.6537705120232,6.171715245318341e+19,37349.92552724773,0.002885778734392142,305.166801059022,61.796745161863406,138.83991479490405,32.33809280680009,"[-2.29285681 -0.78673182 -0.11245033  1.4269399  -0.33935717  0.27849991
 -0.24460702  2.11306141 -0.28670841  0.27204152 -2.42760151 -1.47083994
 -0.79078815 -0.11407908 -2.50113027 -0.01737015  0.78470654 -1.23836476
  4.42100664]","[-1.36185137  1.25670426 -0.80901194  0.63986132 -0.15111288 -0.78433319
 -1.18351948  0.95264954  0.1836661  -1.90007639 -0.22782266 -0.32545223
 -1.10752243 -1.7527491  -0.526137    0.88637203 -0.72572345  2.15676044
  0.99103764]","[nan nan nan nan nan nan nan nan nan nan nan nan nan nan nan nan nan nan
 nan]","[nan nan nan nan nan nan nan nan nan nan nan nan nan nan nan nan nan nan
 nan]"
-33.205142515056004,23,4.300941603752051e-06,66.41028503011201,2.8874036969613917,0.0,1.5299338523928863e+22,9.60038811941703e+20,12546.881216016653,0.00014446400133496387,352.51944180089066,61.11044446259707,139.5736585821605,161.1591331082652,6.1155557374693474e+19,37357.65369696411,0.0027774339151203685,303.8817860108249,61.87491420612279,138.9513948525819,34.137500790822855,"[-2.4335385  -0.04256693  0.23564017  1.28191422 -0.17999616  2.22076201
 -0.18837682  0.64958601 -0.07728611  0.46640699 -1.97230762 -0.89659926
 -1.182614   -1.20502396 -0.33353374  0.82604238 -0.55173425 -3.0170458
  1.44093587]","[-1.01760803  0.90042156 -0.94023718  0.80158198 -0.05881022  1.42711128
 -0.94740223  3.36749648  0.96835947 -1.024291    1.22492781  1.02058688
  1.20732921  0.43419193 -1.246304    0.30451793  0.85496344 -1.552484
  2.16982335]","[nan nan nan nan nan nan nan nan nan nan nan nan nan nan nan nan nan nan
 nan]","[nan nan nan nan nan nan nan nan nan nan nan nan nan nan nan nan nan nan
 nan]"
-30.49326946247715,23,2.7476927366376636e-05,60.9865389249543,2.6515886489110567,0.0,1.530296305543135e+22,9.598690597113336e+20,12547.29151947578,0.0006069807059645072,181.01679822834416,61.25202945203747,139.0482194933267,336.97159676480527,6.20337530754627e+19,37360.870740104896,0.003318318364484201,303.1818707963565,61.841671475861986,138.9876090093115,34.70246279703173,"[-2.52335244 -0.11626957  0.36476114  1.28778239 -0.21961173  1.22095231
 -0.2969853   0.09553488 -1.22114769 -0.60707727 -3.28150727 -2.18963582
 -0.80057339 -0.88122609 -0.95039953  0.77182505  0.69599825 -1.22357642
  0.32023764]","[-1.22555206  1.17088649 -0.97325348  0.81870922 -0.03378142  1.84546171
 -0.978206    2.57517651  0.04349446 -2.05448482 -0.37158218 -0.56075516
  0.72986954 -0.02928467 -1.975065    0.56310049  1.23487003  0.38776735
  1.47208478]","[nan nan nan nan nan nan nan nan nan nan nan nan nan nan nan nan nan nan
 nan]","[nan nan nan nan nan nan nan nan nan nan nan nan nan nan nan nan nan nan
 nan]"
-29.122139638105253,23,6.82569700746205e-05,58.244279276210506,2.5323599685308915,0.0,1.5305921800245418e+22,9.588510807521262e+20,12547.764346565406,0.0005220710730344031,3.923328039571345,61.273705342276706,139.17467865605448,154.70456292702187,6.234267050758583e+19,37361.454867250446,0.0014257537314220537,306.80979850444777,61.59641585251393,138.96066900679503,30.463663327840322,"[-2.44420605 -0.94326153  0.94067403  1.40181218 -0.32636004 -0.52458607
 -0.38305478 -0.29871489 -0.91955508 -0.30482918 -3.52656789 -2.42584431
 -0.5007836  -0.58297857 -1.02347059 -0.52515694 -0.66397072 -0.90276716
  0.19696473]","[-1.10102434  1.32829003 -1.35420587  0.76644819 -0.09569584  0.08724906
 -1.29583861  1.98707326  1.41496889 -0.68208022 -0.28914902 -0.54967006
  1.11606109  0.38928215 -1.43531367  0.79439009  0.58812643  0.79565293
  2.54589329]","[nan nan nan nan nan nan nan nan nan nan nan nan nan nan nan nan nan nan
 nan]","[nan nan nan nan nan nan nan nan nan nan nan nan nan nan nan nan nan nan
 nan]"
-18.985486809510835,23,0.025655028464657614,37.97097361902167,1.6509118964792031,0.0,1.5302915872596137e+22,9.593780436626466e+20,12454.72778802564,0.00022633528583212767,336.097966513541,61.274148403716126,139.45878064693366,176.95632109337942,6.119984565820431e+19,37357.07164012364,0.0030612593536476387,305.44356496025165,62.02971272135958,138.93305848834495,32.36760916404006,"[-1.33157472 -0.55191699  0.1874807   1.36086585 -0.27552874  0.8216818
 -0.26683679 -0.42641729  0.28166993  0.72255226 -1.65644281 -0.70794499
 -0.89372626 -0.43092842 -2.04976529  0.21494957  0.70383603 -1.08955374
  0.02540131]","[-0.06759366  0.74163465 -0.84138408  0.77782442 -0.14004713 -0.21845819
 -1.10360508 -0.34959203  0.27536938 -1.67495078  1.00752096  0.91269674
 -1.33092449 -1.71170345 -0.68255264  1.81411793 -1.10232942 -0.31292285
  2.11296772]","[nan nan nan nan nan nan nan nan nan nan nan nan nan nan nan nan nan nan
 nan]","[nan nan nan nan nan nan nan nan nan nan nan nan nan nan nan nan nan nan
 nan]"
-17.91723341953889,23,0.042885922090868056,35.83446683907778,1.5580202973512076,0.0,1.5302912861699807e+22,9.593771594054789e+20,12454.65404795715,0.00022693099092938355,336.1750528880491,61.27373662944418,139.45829410276747,176.89913505541477,6.120262037059037e+19,37357.0712066661,0.0030615401497229074,305.43923367168213,62.02956322997011,138.93381047847936,32.36903611620147,"[-1.32480119 -0.54992185  0.18962285  1.36131588 -0.27629656  0.80702678
 -0.26806092 -0.42609035  0.34519371  0.75262738 -1.70840501 -0.79277012
 -0.81835807 -0.43059101 -1.90796448  0.22451546  0.6368037  -1.33432793
  0.4004992 ]","[-0.06977045  0.74715568 -0.84219875  0.7778635  -0.14038286 -0.22684639
 -1.10513798 -0.37505486  0.47346609 -1.44919594  1.18100309  1.09314613
 -1.14416702 -1.5200262  -0.780118    1.64167207 -0.88435145 -0.38224214
  1.92500872]","[nan nan nan nan nan nan nan nan nan nan nan nan nan nan nan nan nan nan
 nan]","[nan nan nan nan nan nan nan nan nan nan nan nan nan nan nan nan nan nan
 nan]"
-17.427013408096883,23,0.0537767459094719,34.854026816193766,1.5153924702692942,0.0,1.5306245602125497e+22,9.597070159787139e+20,12455.342854176297,0.000263565493856802,4.15130825661771,61.331497573960384,139.17799552631632,150.98611417048303,6.133991707886223e+19,37359.558733129226,0.002216976873767525,304.78673184619737,61.94098448709709,138.96043987221927,33.05312543448349,"[-1.49401923 -0.31278733  0.21545297  1.35467543 -0.234933    1.35360971
 -0.24448396 -0.33861198  0.28042153  0.5822678  -2.37616668 -1.57561368
 -0.35967787 -0.24781362 -1.5493065  -0.26797285 -0.0448903  -1.12887072
  1.53906133]","[-0.36169768  0.83846545 -0.93164567  0.76565209 -0.11715149  0.21228295
 -1.09771501 -0.78404748  1.01121693 -0.85807326  1.00910996  0.94738808
 -0.46665681 -0.93150802 -1.23943971  1.34920493  0.28373441  0.2055642
  1.14900124]","[nan nan nan nan nan nan nan nan nan nan nan nan nan nan nan nan nan nan
 nan]","[nan nan nan nan nan nan nan nan nan nan nan nan nan nan nan nan nan nan
 nan]"
-17.425184700927826,23,0.0538215338900252,34.85036940185565,1.5152334522545936,0.0,1.5301089382626696e+22,9.59419406831275e+20,12454.091770231442,0.0002150914575485722,328.5456182496722,61.3891220345868,139.40680817021223,185.49967971464423,6.12684406235427e+19,37355.73864918402,0.003206021912116296,304.9628946028172,62.04654430607403,138.94030836804833,33.14636972456765,"[-1.45167823 -0.11834388 -0.05181933  1.30414458 -0.19719342  2.02858892
 -0.20394539 -0.17821895  0.56406334  0.92770262 -1.72174863 -0.84575473
 -0.62307773 -0.34231107 -1.7457584   0.14643849  0.47264554 -1.31989639
  0.88363793]","[-0.31933392  0.6279168  -0.75534061  0.78506533 -0.08801125  1.01939399
 -0.94270538 -0.28664925  0.5102325  -1.39588142  1.03419646  0.96470317
 -0.57356028 -1.00108536 -0.85359017  1.11907263 -0.87895147 -0.00831989
  1.90370454]","[nan nan nan nan nan nan nan nan nan nan nan nan nan nan nan nan nan nan
 nan]","[nan nan nan nan nan nan nan nan nan nan nan nan nan nan nan nan nan nan
 nan]"
-16.69922653830731,23,0.07437086965944839,33.39845307661462,1.4521066555049835,0.0,1.5301730838932632e+22,9.59119431123419e+20,12454.07322290433,0.0005380753989320856,356.9389781582057,61.37727707642408,139.13105265749806,158.9112516788709,6.147945752744165e+19,37355.31430750901,0.0021094164471933763,300.5039862294141,61.88688739705233,138.87274172370692,37.26746743156275,"[-1.52169022 -0.48481003  0.32816233  1.37325807 -0.24463756  1.19098963
 -0.24675699 -0.39363814  0.56137746  0.90912621 -1.7714596  -0.90601387
 -0.84720514 -0.5580522  -2.01438404 -0.09565308  0.48842216 -1.06067663
  0.30100797]","[-0.3584004   0.85522774 -0.99006591  0.75747846 -0.09925791  0.50922287
 -1.09010516 -0.76121954  0.45724294 -1.45489405  0.764012    0.70622283
 -0.22183737 -0.76725791 -1.20222508  1.20346042 -0.19989753  1.39738308
  1.45810887]","[nan nan nan nan nan nan nan nan nan nan nan nan nan nan nan nan nan nan
 nan]","[nan nan nan nan nan nan nan nan nan nan nan nan nan nan nan nan nan nan
 nan]"
-16.172903547892112,23,0.09316273992740853,32.345807095784224,1.4063394389471402,0.0,1.529737089476597e+22,9.599810964503564e+20,12453.560185268438,0.0008665268105371265,5.303386913130282,61.38039474686905,139.21117313133976,145.6909269430056,6.083959966883486e+19,37353.545492864825,0.003144966727553568,306.476754480077,61.97236072077384,138.86466388243562,31.282480577991464,"[-1.36567909 -0.59593451  0.18571581  1.37122713 -0.28777958  0.84487564
 -0.23557783 -0.66448783  0.34056685  0.7159308  -1.98483196 -1.10756207
 -0.79360388 -0.50153427 -1.96533038  0.20802387  0.72932168 -1.09098515
  0.40283843]","[-0.23486113  0.90979311 -0.88105731  0.75901379 -0.13959372 -0.28248398
 -1.09783629 -0.54572186  0.30882081 -1.61082724  0.81107833  0.7463769
 -0.50992596 -1.00134073 -1.20568429  1.04061004 -0.57106133  0.73181136
  1.43081453]","[nan nan nan nan nan nan nan nan nan nan nan nan nan nan nan nan nan nan
 nan]","[nan nan nan nan nan nan nan nan nan nan nan nan nan nan nan nan nan nan
 nan]"
-16.11527969246505,23,0.0954427374024327,32.2305593849301,1.4013286689100044,0.0,1.5303256148742242e+22,9.602464826957926e+20,12453.91067115326,0.0015416089573946758,24.84238418482491,61.48530068841766,139.17765453469812,130.07695066271424,6.259994180413345e+19,37358.32729169607,0.003018988253698904,314.34923565789006,62.004701094126425,139.01852828375976,23.563220274528703,"[-1.5397594  -0.30782596  0.05758665  1.32458756 -0.25336824  0.99826485
 -0.28942059 -0.5641512   0.42648832  0.75624601 -2.37554331 -1.55093868
 -0.48033092 -0.3030528  -1.8033043   0.04346009  0.49590786 -0.79535975
  0.91521136]","[-0.37797924  0.8043189  -0.84651228  0.78024219 -0.12337981  0.17408458
 -1.07818869 -1.02904466  0.43486458 -1.47681963  0.32772303  0.27806389
 -0.27397831 -0.78509198 -1.28922082  0.78419597 -0.47071607  0.78471744
  1.30638967]","[nan nan nan nan nan nan nan nan nan nan nan nan nan nan nan nan nan nan
 nan]","[nan nan nan nan nan nan nan nan nan nan nan nan nan nan nan nan nan nan
 nan]"
-16.094095936891655,23,0.09629250450769355,32.18819187378331,1.39948660320797,0.0,1.5303259098568144e+22,9.602466768907739e+20,12453.855838775076,0.0015426284707523894,24.83733352397286,61.485492309752644,139.17740282355842,130.07468496152663,6.260077855019473e+19,37358.32590670892,0.0030191331979371847,314.35505521181597,62.00465717443578,139.01850220523758,23.55761668168492,"[-1.53379877 -0.30734982  0.05709681  1.32456722 -0.25331511  0.9998754
 -0.28923948 -0.55671706  0.51797422  0.82171164 -2.32169341 -1.52027824
 -0.55308451 -0.40434255 -1.7318068   0.17627204  0.54275047 -1.05437973
  1.08732927]","[-0.37907088  0.80860991 -0.84642349  0.78017694 -0.12339443  0.17385447
 -1.07808726 -1.04004097  0.50346317 -1.39130256  0.46263507  0.41823936
 -0.07075927 -0.60540911 -1.37920274  0.61847536 -0.27261781  0.83440342
  1.17291035]","[nan nan nan nan nan nan nan nan nan nan nan nan nan nan nan nan nan nan
 nan]","[nan nan nan nan nan nan nan nan nan nan nan nan nan nan nan nan nan nan
 nan]"
-16.0152813521701,23,0.09950947215861228,32.0305627043402,1.3926331610582694,0.0,1.525021330757812e+22,9.631617465246842e+20,12442.101913898976,0.0017916325830564395,176.5882972485932,61.441391719411406,139.09302190975072,336.93338009934024,6.066862822064652e+19,37321.66338800895,0.0021124761032923055,287.46864796233547,62.13809529029546,138.6866865937718,50.31227261219033,"[-1.26936383 -0.66914323  0.50100749  1.4276679  -0.28097583  0.80317501
 -0.24611608 -0.47143722  0.30259484  0.64744335 -1.94218986 -1.08330154
 -0.32034154 -0.13794924 -1.54117116 -0.0832437   0.30446343 -1.20660037
  1.45201714]","[-0.2160582   0.69473113 -0.8807054   0.77324895 -0.13944534 -0.13273212
 -1.09244104 -0.49030285  0.34864854 -1.54987767  1.16555676  1.11580765
 -0.23162923 -0.71503749 -0.98002004  1.14907635 -0.2592304   0.81241567
  1.72752339]","[nan nan nan nan nan nan nan nan nan nan nan nan nan nan nan nan nan nan
 nan]","[nan nan nan nan nan nan nan nan nan nan nan nan nan nan nan nan nan nan
 nan]"
-15.949908830902737,23,0.10224486064192895,31.899817661805475,1.3869485939915425,0.0,1.5287839708388256e+22,9.658936121824505e+20,12451.492666725895,0.003137731343842124,167.72342538999118,61.454336871115395,139.10241115703712,345.56533044081215,6.1853809837309166e+19,37354.55049630826,0.002954274214617625,269.3185651539336,62.35331200895528,138.71271641581555,68.51274519625076,"[-1.13636229 -0.47858625  0.57212301  1.44804463 -0.25379316  1.33700963
 -0.19519645 -0.37274294 -0.25514348  0.12218611 -1.87650656 -0.98814433
 -0.3992925  -0.19267421 -1.63184694  0.14272035  0.58720409 -1.13298724
  1.2665977 ]","[-0.02904339  0.46916739 -0.69374827  0.82139801 -0.1792676  -0.70927378
 -1.10170931 -0.47334726  0.13273654 -1.78501918  1.02059893  0.98714629
 -0.5064418  -0.93984206 -0.95714275  1.11627559 -0.54963413  0.19913702
  1.73845673]","[nan nan nan nan nan nan nan nan nan nan nan nan nan nan nan nan nan nan
 nan]","[nan nan nan nan nan nan nan nan nan nan nan nan nan nan nan nan nan nan
 nan]"
-15.678641306987426,23,0.11426560769667204,31.357282613974853,1.3633601136510805,0.0,1.5271250021672118e+22,9.707189664692253e+20,12450.006364202653,0.0016140816593427677,91.62506062504804,61.47717768724587,138.93496422804844,57.853250753764826,5.9897134723438215e+19,37344.710405509606,0.002820021041724452,281.9152997464514,62.023279442645936,138.63078562906495,55.747124994013916,"[-1.22665392 -0.66356377  0.49440821  1.44860276 -0.2801989   1.28156488
 -0.15428008 -0.83302569  0.0512198   0.40316591 -2.16544824 -1.30873273
 -0.37129971 -0.24530251 -1.79703101 -0.13537361  0.25261944 -0.67530039
  1.01254245]","[-0.30049257  0.88333816 -0.91325224  0.75209433 -0.14558805 -0.35874586
 -1.07964804 -0.46668456  0.53066955 -1.36699401  0.98109504  0.93527811
 -0.08002952 -0.61539835 -1.45930327  0.41842725 -0.62648222  0.96411677
  1.12690984]","[nan nan nan nan nan nan nan nan nan nan nan nan nan nan nan nan nan nan
 nan]","[nan nan nan nan nan nan nan nan nan nan nan nan nan nan nan nan nan nan
 nan]"
-15.625710980301696,23,0.11674053752158375,31.25142196060339,1.3587574765479735,0.0,1.5246913301705826e+22,9.463346510513507e+20,12439.728566720447,0.003705347837697505,167.41318887143626,61.7022480810904,139.38986004638195,346.8322901417859,5.679812069215227e+19,37301.67356474084,0.003680634406217415,273.409392595598,62.28651724008278,138.9835044710572,64.5375017186334,"[-1.11087449 -0.13410845  0.30235305  1.39460458 -0.2446903   1.15116691
 -0.27084765 -0.54661806  0.7464691   1.08731512 -1.90586999 -1.03278087
 -0.59563116 -0.29249725 -1.67659089  0.39226415  0.65160786 -1.30710978
  1.00914177]","[-0.13379954  0.50542995 -0.70549908  0.81444203 -0.11444827  0.49318276
 -0.99777278 -0.66615759  0.70624902 -1.23037176  0.50365621  0.44881309
 -0.23706212 -0.74175529 -0.89270279  0.70860146 -1.11936144  0.63893389
  2.01155387]","[nan nan nan nan nan nan nan nan nan nan nan nan nan nan nan nan nan nan
 nan]","[nan nan nan nan nan nan nan nan nan nan nan nan nan nan nan nan nan nan
 nan]"
-15.55265001061802,23,0.1202280444346373,31.10530002123604,1.352404348749393,0.0,1.5340068874591152e+22,9.573518648968437e+20,12459.50627166125,0.005069809268949294,33.90149648924489,61.38774610877719,139.07581023616353,116.30283352729151,6.685742932291905e+19,37386.33814894613,0.0025740627615459515,317.2913530248898,61.820213818764806,138.6941267170183,20.412175588761897,"[-1.49418942 -0.70141528  0.25433226  1.3779746  -0.27839708  1.26376878
 -0.15281643 -0.75794148  0.38069374  0.75575963 -1.76531337 -0.88122857
 -0.66973685 -0.44813125 -2.10914872 -0.18866981  0.17330124 -0.42981803
  0.22151747]","[-0.44042713  0.88578943 -0.97150521  0.73156805 -0.13852964 -0.38049164
 -1.12342728 -0.61153779  0.34817032 -1.57280254  0.72783354  0.65905623
 -0.17230881 -0.71870615 -1.36495573  0.31901101 -1.21708491  0.71491369
  1.34843792]","[nan nan nan nan nan nan nan nan nan nan nan nan nan nan nan nan nan nan
 nan]","[nan nan nan nan nan nan nan nan nan nan nan nan nan nan nan nan nan nan
 nan]"
-15.402725109545408,23,0.12764817584133858,30.805450219090815,1.3393674008300354,0.0,1.525242198276127e+22,9.54354576788969e+20,12444.30222410085,0.003834392438577082,151.00084859581273,61.74918994290911,139.13390584046232,7.649289677684578,5.530700049926429e+19,37311.68603218514,0.0034034600801047467,261.1126361379494,62.61551695200616,138.8159271480408,76.85875753332454,"[-1.092673   -0.27834454  0.65043108  1.44631806 -0.26165663  0.61089938
 -0.32619589 -0.4426788   0.0169065   0.31474244 -2.32352649 -1.50994822
 -0.49420348 -0.32967241 -1.49636547  0.18429742  0.19414768 -1.5290503
  1.58916729]","[-0.03173647  0.13299078 -0.56006606  0.8748398  -0.15960879 -0.1129013
 -1.06746937 -0.92530081  0.22372998 -1.69312936  0.43432518  0.42983189
 -0.20788411 -0.69616581 -1.24100318  0.6403888  -0.4651133   0.14863316
  1.35340112]","[nan nan nan nan nan nan nan nan nan nan nan nan nan nan nan nan nan nan
 nan]","[nan nan nan nan nan nan nan nan nan nan nan nan nan nan nan nan nan nan
 nan]"
-15.368630950476572,23,0.12938583628539435,30.737261900953143,1.336402691345789,0.0,1.5243837235915519e+22,9.528105457038865e+20,12441.596300189505,0.002699159625762795,142.589734952705,61.74990608750317,139.20111480670232,15.825693234558173,5.5611068190015095e+19,37303.221915477334,0.003067726118520229,270.7558940630433,62.51822940501078,138.9021091650696,67.24337160110463,"[-1.1732723  -0.24210105  0.49351774  1.41347817 -0.26341303  0.51929058
 -0.35051335 -0.48810086  0.35110685  0.6517383  -2.26636037 -1.44797565
 -0.59266099 -0.38282924 -1.59211904  0.1393739   0.18312808 -1.54456306
  1.30607008]","[-0.12852134  0.23021449 -0.61161313  0.85743003 -0.14536117  0.09828543
 -1.05724718 -0.95716188  0.21037956 -1.71344355  0.30225757  0.28834641
 -0.17729987 -0.67847336 -1.20405681  0.65115549 -0.6106073   0.3906392
  1.45367858]","[nan nan nan nan nan nan nan nan nan nan nan nan nan nan nan nan nan nan
 nan]","[nan nan nan nan nan nan nan nan nan nan nan nan nan nan nan nan nan nan
 nan]"
-14.968869087340178,23,0.15119734540979468,29.937738174680355,1.3016407902034937,0.0,1.5345984446465573e+22,9.600702391161549e+20,12468.438212731518,0.0026230645058289235,75.69767265107595,61.47365737841774,139.13562761456873,78.03476106773391,5.758235139969856e+19,37387.35690371538,0.0027553760644176643,302.09352248599583,61.96486644059629,138.80667171780703,35.684322350011485,"[-1.45308734 -0.50451479  0.30010731  1.37618921 -0.25415852  1.3079071
 -0.2008203  -0.60771468  0.23719384  0.56550708 -2.12818459 -1.29693461
 -0.41463993 -0.2935992  -1.78087361  0.15567518  0.51191123 -0.6186062
  1.05540365]","[-0.29047271  0.73404084 -0.87681415  0.77367448 -0.13333215 -0.08876171
 -1.10186672 -0.93168592  0.68787289 -1.20754003  0.66400627  0.61162323
 -0.11237873 -0.63295487 -1.35808782  0.29454809 -0.8013064   0.43998992
  1.25633851]","[nan nan nan nan nan nan nan nan nan nan nan nan nan nan nan nan nan nan
 nan]","[nan nan nan nan nan nan nan nan nan nan nan nan nan nan nan nan nan nan
 nan]"
-14.74200408891326,23,0.1647942513782864,29.48400817782652,1.2819133990359357,0.0,1.5304883768778857e+22,9.708600902244096e+20,12432.697930142216,0.008022741456606152,31.699895303931584,61.30852518319958,139.00259518843217,128.37270263316614,9.591779809311903e+19,37392.7607884466,0.0022783578468618276,327.06788167814653,61.99807677398415,138.92531105252502,10.901946533696275,"[-1.7215956  -0.21090187  0.20335772  1.32102419 -0.21892186  1.26331576
 -0.29952541 -0.38578809  0.49180635  0.82165748 -1.27637648 -0.41806884
 -0.28323361 -0.19159211 -1.83785002 -0.09689216  0.21304449 -0.35064823
  0.99040171]","[-0.50988996  0.60415459 -0.87166876  0.79720707 -0.11222744  0.50959516
 -1.09819491 -1.07661755  0.17406171 -1.71443093  1.07499042  1.03856782
 -0.17881121 -0.67363949 -1.39557809  0.04836032 -1.25875772  0.12807101
  1.23871239]","[nan nan nan nan nan nan nan nan nan nan nan nan nan nan nan nan nan nan
 nan]","[nan nan nan nan nan nan nan nan nan nan nan nan nan nan nan nan nan nan
 nan]"
-14.726968242093502,23,0.1657275347802506,29.453936484187004,1.280605934095087,0.0,1.5261127655706807e+22,9.229295746980501e+20,12440.72026132159,0.00708468843687999,138.01556955884223,61.79158822013013,139.26539759274192,13.069836460706995,5.180841668093831e+19,37288.93619951581,0.004287429641717918,255.8057238269193,62.31071050149471,138.52789096443166,81.95180614423839,"[-0.82305367 -0.47271469  0.74810402  1.49790474 -0.28502011  1.04548362
 -0.1537974  -0.78653532  0.58812346  0.91853256 -1.45939791 -0.57064638
 -0.71034877 -0.42921591 -1.63692306  0.55017966  0.36261212 -1.40200276
  1.13465604]","[-0.05739461  0.37477361 -0.72860049  0.7962587  -0.10850105  0.4280227
 -0.99097617 -0.29741535  0.73124399 -1.20523612  0.99630699  0.94403367
 -0.15652585 -0.69938797 -1.15550977  0.09354811 -1.44416525  0.06214022
  1.68527555]","[nan nan nan nan nan nan nan nan nan nan nan nan nan nan nan nan nan nan
 nan]","[nan nan nan nan nan nan nan nan nan nan nan nan nan nan nan nan nan nan
 nan]"
-14.511139826332162,23,0.17957231491183479,29.022279652664324,1.2618382457680142,0.0,1.5326769757994902e+22,9.284649407620946e+20,12425.001045591718,0.008626556832916488,49.313609882653424,61.30527424305605,139.04995504742024,107.57148771325234,9.861431965850691e+19,37372.57521889437,0.0010513083841288337,339.5875685145581,61.7797074812194,138.78489288472363,358.0650816720788,"[-1.5591676  -0.49005629  0.49520209  1.38981379 -0.27614324  0.71868496
 -0.23863349 -0.59652367  0.91971617  1.26060986 -0.89516062  0.0102722
 -0.28169304 -0.10386295 -1.8712178  -0.16537438  0.16494956  0.11761891
  0.84228518]","[-0.54910111  0.73731882 -1.10206655  0.73378567 -0.12150662 -0.21409426
 -1.23262165 -1.10588691  0.74976174 -1.1769886   0.99230153  0.91147789
 -0.27529157 -0.84486211 -1.19845414  0.55064864 -1.01609886  0.65635372
  1.55131409]","[nan nan nan nan nan nan nan nan nan nan nan nan nan nan nan nan nan nan
 nan]","[nan nan nan nan nan nan nan nan nan nan nan nan nan nan nan nan nan nan
 nan]"
-14.42255676975417,23,0.18549995953702758,28.84511353950834,1.2541353712829713,0.0,1.5361663347886247e+22,9.234629807601877e+20,12461.29967152231,0.009132590207895079,134.39307854451835,61.80138018724036,139.2577156033875,25.475504251739608,5.910607316268981e+19,37370.77558445109,0.004176675193426125,242.112092725936,62.39344770460516,138.76067835961737,95.51251291175629,"[-0.98351455 -0.34740581  1.05622668  1.51585097 -0.26112976  0.81562093
 -0.22706567 -0.53616941  0.31692232  0.6466396  -1.28451067 -0.3843382
 -0.65161292 -0.38001533 -1.83631843  0.54457701  0.75472041 -0.6366457
  0.78930613]","[ 0.15968737  0.07554529 -0.71001509  0.86086096 -0.16005813 -0.53532558
 -1.20085678 -1.45001102  0.98626922 -0.97215124  0.24819024  0.21133802
  0.03182894 -0.54213608 -0.99607653  0.07080619 -1.58509905  0.42345724
  1.99453975]","[nan nan nan nan nan nan nan nan nan nan nan nan nan nan nan nan nan nan
 nan]","[nan nan nan nan nan nan nan nan nan nan nan nan nan nan nan nan nan nan
 nan]"
-14.119928116111623,23,0.2068471774363898,28.239856232223246,1.2278198361836195,0.0,1.5318146825749168e+22,9.077014915150072e+20,12414.112106492254,0.010599805824779318,48.09935404483397,61.62178380477892,138.94455081957383,107.75513508641433,1.0291138898792808e+20,37349.53387479338,0.0037271421375229177,297.8149595212525,62.213950551931866,138.80620618419084,40.28895732629587,"[-1.4297364   0.09060637  0.09996774  1.32366326 -0.25586255  1.03561528
 -0.24056768 -0.85945266  0.31265864  0.60201637 -1.56736436 -0.72764685
 -0.40836762 -0.32539975 -1.72873033 -0.24700913 -0.76709024 -0.26511835
  1.31375125]","[-0.56484293  0.42472678 -0.60493257  0.82035427 -0.08560009  0.98343469
 -0.97025126 -0.93096902  0.81481206 -1.10974883  0.69816621  0.65610805
  0.12312534 -0.50134823 -1.61602362 -0.48844833 -1.40184814 -0.24812808
  1.02963383]","[nan nan nan nan nan nan nan nan nan nan nan nan nan nan nan nan nan nan
 nan]","[nan nan nan nan nan nan nan nan nan nan nan nan nan nan nan nan nan nan
 nan]"
-14.11925557265129,23,0.20689652504617917,28.23851114530258,1.2277613541435906,0.0,1.525346197817329e+22,9.359519431435496e+20,12395.978212603026,0.012463289373032909,45.24749601417258,61.45403196897665,138.68417840452915,112.02436405627543,1.1477326498440728e+20,37335.5203040676,0.0010309063725589766,289.0748954225472,62.08440351741199,138.8930155747626,48.79016691354616,"[-1.47698288  0.04664128  0.43133302  1.39159592 -0.24705796  1.04585293
 -0.26961588 -0.81399292  0.71405226  0.98440995 -0.78388363  0.07034805
 -0.28426819 -0.25609016 -1.65266886 -0.09576421 -0.21840406 -0.33252436
  1.52667529]","[-0.79413941  0.61750948 -0.91672493  0.77693437 -0.13839085 -0.20094049
 -1.16737376 -1.24963226  0.18591141 -1.73213136  0.9024114   0.89240639
 -0.01926678 -0.62854153 -1.84736958 -0.07640797 -0.48448312  0.36977611
  0.5449426 ]","[nan nan nan nan nan nan nan nan nan nan nan nan nan nan nan nan nan nan
 nan]","[nan nan nan nan nan nan nan nan nan nan nan nan nan nan nan nan nan nan
 nan]"
-14.05898390452614,23,0.21135351512520684,28.11796780905228,1.2225203395240123,0.0,1.5251019260002243e+22,9.35827029546303e+20,12396.671904846251,0.012593197518992136,45.18956948456096,61.479576773931235,138.66945188749946,111.83837036214081,1.1299414957367493e+20,37332.13275238051,0.0010548596170124802,289.03248824951163,62.09756119095994,138.87290387410272,48.847625406291286,"[-1.47747015  0.04686262  0.42625096  1.39193141 -0.2474212   1.06353354
 -0.26592347 -0.84516265  0.62111114  0.90416635 -0.96175397 -0.10052768
 -0.139625   -0.12114045 -1.66025551 -0.28434318 -0.40586061 -0.08363867
  1.5380603 ]","[-0.81512839  0.60002657 -0.90666908  0.77699004 -0.13725224 -0.16143442
 -1.15634811 -1.22702822  0.15853591 -1.76970023  0.74314869  0.73104836
 -0.17570374 -0.76188833 -1.82210154 -0.009044   -0.63552427  0.22520825
  0.5670384 ]","[nan nan nan nan nan nan nan nan nan nan nan nan nan nan nan nan nan nan
 nan]","[nan nan nan nan nan nan nan nan nan nan nan nan nan nan nan nan nan nan
 nan]"
-13.845756386584402,23,0.22767237666079088,27.691512773168803,1.2039788162247305,0.0,1.5299011585259866e+22,8.732463057318718e+20,12378.755317564104,0.010657804163281222,33.82896057071011,61.7153066977762,138.83439618405205,115.34336512844368,1.313116854110902e+20,37325.31918306606,0.0049842714752339505,307.02515261804285,62.320968786634,139.08014525231386,31.193809140130668,"[-1.37518364  0.4233716  -0.36876071  1.26046766 -0.30415161  0.5111016
 -0.25684887 -1.18202582  0.28588071  0.55299775 -1.70616361 -0.88232692
 -0.71787556 -0.59256765 -1.62999024 -0.14563838 -0.90246192 -0.73188712
  1.48976317]","[-0.72458018  0.66182753 -0.42749857  0.82032545 -0.12730191  0.01432327
 -0.99602758 -1.083514    0.60801329 -1.35232408  0.19039079  0.1604469
  0.52801502 -0.2114817  -1.61838579 -0.25577487 -0.60135301  0.3702971
  1.05824631]","[nan nan nan nan nan nan nan nan nan nan nan nan nan nan nan nan nan nan
 nan]","[nan nan nan nan nan nan nan nan nan nan nan nan nan nan nan nan nan nan
 nan]"
-13.498458688166458,23,0.2560988097060467,26.996917376332917,1.1737790163623008,0.0,1.5351208115102877e+22,9.173696564620962e+20,12436.872787573702,0.00874662582929171,83.04490983603301,61.53527746237746,138.77124320526525,69.71470978523575,8.597996673854708e+19,37374.40838407613,0.0033997279468828885,270.55273648434246,62.30097656624516,138.43196542557024,67.31167004872276,"[-1.14481162 -0.28236984  0.6332402   1.44851467 -0.26487035  1.4625015
 -0.09872197 -0.75312204 -0.42802201 -0.09450902 -1.32741571 -0.44563934
 -0.55092739 -0.44547891 -1.81428785  0.28444179  0.16812149 -0.30776622
  1.11806563]","[-2.90622002e-01  3.48606634e-01 -6.28507597e-01  8.17281824e-01
 -1.38002502e-01 -7.78295394e-02 -1.04660722e+00 -6.44683977e-01
  4.16728204e-01 -1.51051837e+00  1.13450525e+00  1.10930685e+00
 -1.16343643e-03 -6.21712826e-01 -1.72542710e+00 -3.15081415e-01
 -9.83671025e-01  7.19277516e-02  8.41021536e-01]","[nan nan nan nan nan nan nan nan nan nan nan nan nan nan nan nan nan nan
 nan]","[nan nan nan nan nan nan nan nan nan nan nan nan nan nan nan nan nan nan
 nan]"
-13.46795854544844,23,0.2587044945378787,26.93591709089688,1.1711268300389948,0.0,1.5402120979260453e+22,8.582166936099152e+20,12440.291122756635,0.010594249455157417,79.24654256870966,61.53518674636188,138.72211572296982,70.74798897879046,7.855890475761061e+19,37351.52508313903,0.0022176644504973944,297.12144525991124,61.88717608844416,138.23879195588177,40.404018846892654,"[-1.26212532 -0.86832276  0.7280277   1.45740052 -0.39043563 -0.33928266
 -0.12622401 -1.14966621  0.02315585  0.34860364 -1.45408836 -0.57126198
 -0.48844689 -0.34018187 -1.82165533 -0.12661639 -0.41951515  0.30691515
  1.06122958]","[-0.48580168  0.72785368 -0.93749793  0.7260699  -0.10708613 -0.26797719
 -1.18671601 -0.86996045  0.57417559 -1.39460027  0.75971641  0.68395909
 -0.06930333 -0.79447304 -1.66036998  0.25307225 -0.45312812  0.64559344
  0.92896817]","[nan nan nan nan nan nan nan nan nan nan nan nan nan nan nan nan nan nan
 nan]","[nan nan nan nan nan nan nan nan nan nan nan nan nan nan nan nan nan nan
 nan]"
-13.391019031538736,23,0.2653556035706053,26.782038063077472,1.1644364375251075,0.0,1.5265530533257788e+22,8.839164515666656e+20,12423.980581357788,0.010345086112085771,131.99706056949628,62.03166757120567,139.2077654339589,25.70789625359339,6.180961254543825e+19,37263.590808794565,0.0055591107172326916,248.49619216690843,62.79447256024568,138.61872178355245,89.52587550171364,"[-0.70176444  0.03559168  0.85941668  1.49609243 -0.2755835   0.58908456
 -0.24724304 -0.66829558  0.24846929  0.56054186 -1.59896138 -0.70445341
 -1.02565021 -0.64948998 -1.80683503  0.13677613 -0.37948636 -1.3230946
  0.71732066]","[ 0.03962079 -0.19055449 -0.38866979  0.89573933 -0.1044283   0.83060452
 -0.95355705 -0.7332953   0.66367028 -1.3378109   0.0673565   0.04679751
 -0.30561831 -0.91464177 -1.24716628  0.52260531 -1.12406593  0.12686793
  1.53992588]","[nan nan nan nan nan nan nan nan nan nan nan nan nan nan nan nan nan nan
 nan]","[nan nan nan nan nan nan nan nan nan nan nan nan nan nan nan nan nan nan
 nan]"
-13.364890212955778,23,0.2676396971182784,26.729780425911557,1.1621643663439807,0.0,1.5353287526499398e+22,8.487676950008268e+20,12389.00469699043,0.011182770818237217,43.65162455102475,61.642023345478734,138.74998797582265,103.51367493210208,1.275477101079901e+20,37341.641459790495,0.004583504291853749,306.97805256408117,62.17242575160924,138.8580209728376,31.094191448919787,"[-1.37262613  0.2065186  -0.19999618  1.29018549 -0.32763652  0.46274418
 -0.1710657  -1.20356958  0.26359757  0.6041391  -1.07045664 -0.14536002
 -0.92173559 -0.63619691 -2.07517285 -0.44761807 -0.76736472  0.01737589
  0.37791902]","[-0.73721105  0.71418587 -0.51862951  0.78886443 -0.11754272 -0.09830893
 -1.03978542 -0.92682272  0.44801962 -1.57886069 -0.07401048 -0.12704491
  0.25479904 -0.53077429 -1.45152716  0.43134257 -0.60025148  1.30227776
  1.37301606]","[nan nan nan nan nan nan nan nan nan nan nan nan nan nan nan nan nan nan
 nan]","[nan nan nan nan nan nan nan nan nan nan nan nan nan nan nan nan nan nan
 nan]"
-13.094378098891212,23,0.2920364979325425,26.188756197782425,1.1386415738166271,0.0,1.5429242385284347e+22,8.597233783282504e+20,12434.230730716848,0.010977081822167955,53.710407968496895,61.48220888852064,139.01677343288745,96.59106014160065,9.720692720650735e+19,37384.899347563,0.0027033089893720086,282.36678909174145,62.053520581082466,138.7088650143931,55.40996645649699,"[-1.27285642 -0.11476933  0.36877939  1.38973045 -0.29542913  1.0147586
 -0.09376318 -0.81082303  0.58800454  0.86963109 -0.84548069  0.02513773
 -0.97840934 -0.76480078 -1.8376039  -0.57573389 -1.26698786 -0.68119384
  0.89925685]","[-0.51425564  0.49059575 -0.72357268  0.77762772 -0.14428325 -0.73406543
 -1.18301297 -0.81930426  0.85104202 -1.11443705  0.41850885  0.35433861
  0.16644123 -0.53821987 -1.3619846   0.62216029 -0.22016295  0.09656103
  1.26920457]","[nan nan nan nan nan nan nan nan nan nan nan nan nan nan nan nan nan nan
 nan]","[nan nan nan nan nan nan nan nan nan nan nan nan nan nan nan nan nan nan
 nan]"
-12.751585416735246,23,0.32487442035189096,25.50317083347049,1.108833514498717,0.0,1.5379308524173194e+22,8.49668671765601e+20,12398.4839464431,0.011398200769204435,37.796738169821765,61.561335472552045,138.81591043527138,108.57609458092648,1.2439159332255721e+20,37359.36839936219,0.00526339711117558,311.52434461385565,62.0233433375394,138.8563303259843,26.436578882168305,"[-1.42439028  0.00478941 -0.25462471  1.27829498 -0.35456159  0.10104276
 -0.18253933 -1.32603807  0.32430221  0.62974137 -1.27367047 -0.39583405
 -0.90819572 -0.70359305 -1.97196377 -0.26228677 -0.76043751 -0.10270115
  0.68485117]","[-0.66950403  0.89497323 -0.57963376  0.77328806 -0.1061888  -0.02794571
 -1.05262929 -0.92060999  0.87599861 -1.107296    0.26938425  0.20383364
  0.2897528  -0.49245806 -1.67925821  0.11726474 -0.45527536  0.8191426
  0.96705864]","[nan nan nan nan nan nan nan nan nan nan nan nan nan nan nan nan nan nan
 nan]","[nan nan nan nan nan nan nan nan nan nan nan nan nan nan nan nan nan nan
 nan]"
-12.578302529746178,23,0.3422616007347814,25.156605059492357,1.093765437369233,0.0,1.539643625034621e+22,8.749346798712484e+20,12434.058286643489,0.009493753693994326,76.85814819798972,61.616706796388506,138.93180829512522,70.80084259431445,9.032132297664915e+19,37373.335249187476,0.0037858499866775352,290.79006860622184,62.260623520307945,138.68497113135615,47.28308020542971,"[-1.18686263  0.1799779   0.08589948  1.34876682 -0.26427314  1.68013791
 -0.0543746  -0.79866646  0.15057883  0.45666136 -1.09145577 -0.21376661
 -1.04147681 -0.83607161 -1.94563428  0.36690846 -0.00466182 -0.56569762
  0.70497967]","[-0.51802304  0.42272629 -0.50243865  0.80261445 -0.14033292 -0.3313595
 -1.03056186 -0.70389695  0.44440574 -1.52898969  0.35433601  0.32038722
  0.11465557 -0.60052897 -1.78993138 -0.10393753 -0.5582075   0.32991688
  0.75058743]","[nan nan nan nan nan nan nan nan nan nan nan nan nan nan nan nan nan nan
 nan]","[nan nan nan nan nan nan nan nan nan nan nan nan nan nan nan nan nan nan
 nan]"
-12.51489440100439,23,0.34875124103496247,25.02978880200878,1.08825168704386,0.0,1.54198526902308e+22,8.538189311378457e+20,12415.059101225703,0.012142881426858189,44.94119186702824,61.50815574743895,138.72905159654476,99.58869551848409,1.170660993547381e+20,37389.479425981495,0.0045512437860591205,322.1164430886225,62.15864012298271,138.5688226106882,16.036730752119013,"[-1.45354676 -0.03094151 -0.24543032  1.27443655 -0.32478281  0.92725866
 -0.06136724 -0.97799257  0.17691549  0.46251239 -0.83957527  0.02080129
 -0.69907082 -0.61920014 -1.64995887  0.24371132 -0.37159203 -0.18783039
  1.55000875]","[-0.78566391  0.58180085 -0.46575975  0.77716265 -0.14225222 -0.55997218
 -1.04625441 -0.63462658  0.05285413 -1.91903768  0.49871661  0.46256495
  0.52281534 -0.2684281  -1.73219778 -0.29537627 -0.22506279  0.35099662
  0.87334369]","[nan nan nan nan nan nan nan nan nan nan nan nan nan nan nan nan nan nan
 nan]","[nan nan nan nan nan nan nan nan nan nan nan nan nan nan nan nan nan nan
 nan]"
-12.447015712363303,23,0.3557721963761642,24.894031424726606,1.0823491923794177,0.0,1.5305245362133293e+22,8.562048712878567e+20,12417.383903699678,0.011621538157099555,105.77545584501016,61.765698593570974,138.87450368044028,38.51897975517508,7.378359131045888e+19,37279.0507448864,0.002457687056135784,277.23717385730055,62.12445422627638,138.259452972341,60.52828434001515,"[-0.91068477 -0.44336453  0.58121827  1.46382763 -0.36334078  0.37589646
 -0.05679585 -1.12420352  0.51879991  0.85394824 -1.09635711 -0.17410096
 -0.36151227 -0.15932196 -1.59444069  0.34904153  0.00182243 -0.06205746
  1.45526517]","[-0.55959811  0.5730758  -0.79477228  0.7231392  -0.11281239 -0.24940761
 -1.07627317 -0.44304361  0.40729748 -1.59212246  0.73395544  0.66485405
 -0.11058748 -0.81254688 -1.45593754  0.07703596 -0.92894901  0.6308664
  1.30703754]","[nan nan nan nan nan nan nan nan nan nan nan nan nan nan nan nan nan nan
 nan]","[nan nan nan nan nan nan nan nan nan nan nan nan nan nan nan nan nan nan
 nan]"
-12.126484344864469,23,0.38991314787910425,24.252968689728938,1.0544768995534322,0.0,1.5304302763441098e+22,8.200768716390468e+20,12407.17618810382,0.017416012217214484,114.07941306984051,61.85292865963997,138.72873022178263,31.74042991938785,7.359063941382878e+19,37245.91761273745,0.003090234687219638,260.39278205836337,62.32242863304605,138.13282590618672,77.45356823133397,"[-0.7164736  -0.18199079  0.75362346  1.49251039 -0.37314743  0.11357106
 -0.05971281 -1.19563348  0.41243325  0.69605312 -0.86631625  0.05174037
 -0.20718473 -0.06631997 -1.37453457 -0.11785994 -0.87755154  0.10559785
  2.06960356]","[-0.52820126  0.37630859 -0.67018326  0.75180324 -0.09030791  0.2225828
 -1.02950786 -0.56431448  1.01593957 -0.99956911  0.69437351  0.63784263
 -0.26421895 -1.01453286 -1.63596536  0.59445211  0.02070953  0.48387918
  0.86499752]","[nan nan nan nan nan nan nan nan nan nan nan nan nan nan nan nan nan nan
 nan]","[nan nan nan nan nan nan nan nan nan nan nan nan nan nan nan nan nan nan
 nan]"
-11.971528908981046,23,0.4069672016875172,23.943057817962092,1.0410025138244388,0.0,1.5454277061025573e+22,8.298105913909015e+20,12435.722195502176,0.011701663918175613,78.46300885578617,61.687966026975545,138.86883164005533,65.9295477458536,9.182759139274654e+19,37377.27422063241,0.004314932648043297,311.0033314671923,62.12488719543344,138.49849753995758,27.022090795669328,"[-1.27441342 -0.07612111 -0.03170717  1.31671521 -0.34397245  0.65783594
 -0.04113109 -1.07884147  0.12513966  0.39813639 -1.18805452 -0.33200845
 -0.76019577 -0.63971608 -1.66650535 -0.04775576 -0.91884487 -0.13827087
  1.46988019]","[-0.63655542  0.53182511 -0.5101574   0.77079939 -0.12346658 -0.38714043
 -1.06151017 -0.87088103  1.1034834  -0.87135851  0.42193479  0.35891873
  0.60042177 -0.22485579 -1.62170031 -0.24783885 -0.38549184  0.33041187
  1.06700374]","[nan nan nan nan nan nan nan nan nan nan nan nan nan nan nan nan nan nan
 nan]","[nan nan nan nan nan nan nan nan nan nan nan nan nan nan nan nan nan nan
 nan]"
-11.864386842594712,23,0.418952193425971,23.728773685189424,1.0316858123995403,0.0,1.5525596644716522e+22,8.110952743279232e+20,12436.736251659391,0.015633243357345814,64.87048520094862,61.470414431651044,138.91636522309977,85.70133177094192,1.097582603637432e+20,37422.09300390257,0.00491118711801292,340.66056830075274,61.99028565266849,138.3927508627803,357.50514339277805,"[-1.67163761 -0.25062606 -0.19342939  1.23229232 -0.34904459  0.20415256
 -0.10237296 -0.81507811  0.31819779  0.60504854 -0.06136812  0.84230705
 -0.62928391 -0.49969894 -1.61578998  0.26233564 -0.37982092  0.22643803
  1.60532593]","[-0.74598335  0.3777033  -0.53642209  0.77053221 -0.09539684  0.16528075
 -1.07881104 -1.04723504  0.71230644 -1.27584988  0.73551918  0.66630471
  0.2878014  -0.49645176 -1.35109111  0.12363888 -0.3042805  -0.10466787
  1.38835701]","[nan nan nan nan nan nan nan nan nan nan nan nan nan nan nan nan nan nan
 nan]","[nan nan nan nan nan nan nan nan nan nan nan nan nan nan nan nan nan nan
 nan]"
-11.467545191223447,23,0.4645666687949235,22.935090382446894,0.9971778427150824,0.0,1.5515031236878105e+22,7.994467487281505e+20,12433.619311039685,0.015725658597515003,77.99299830285688,61.662838620875554,138.90925924573344,71.91599665494405,1.0533847720137012e+20,37402.21502764744,0.005474741144858862,332.3455917622775,62.30604472160159,138.29115682533964,5.949019453756478,"[-1.50443014 -0.26769588 -0.1798722   1.24127792 -0.38270092 -0.33178166
 -0.13155087 -0.94505764 -0.17560444  0.11430955 -0.32872092  0.5807909
 -0.95214299 -0.75037565 -1.69917798  0.04958255 -0.85749699 -0.18229709
  1.34614682]","[-0.58223692  0.12144479 -0.29559245  0.81680473 -0.11620206 -0.03622954
 -1.03739314 -1.11805958  0.87485752 -1.13356469  0.54548461  0.4943511
  0.46106422 -0.36306065 -1.34098492  0.15576566 -0.29874185 -0.00600879
  1.46047136]","[nan nan nan nan nan nan nan nan nan nan nan nan nan nan nan nan nan nan
 nan]","[nan nan nan nan nan nan nan nan nan nan nan nan nan nan nan nan nan nan
 nan]"
-11.353653159204782,23,0.47796739916325937,22.707306318409564,0.9872741877569375,0.0,1.5284942721515006e+22,8.201812844848884e+20,12399.275753921118,0.019111627529485014,121.86901673259965,62.03514836432989,138.86187545526465,20.824886688128174,7.65345295393211e+19,37237.77617962269,0.004761196374543433,257.2819847026782,62.806422353525406,138.03844360214254,80.93311113504296,"[-0.42836276  0.20010212  0.64591155  1.49034281 -0.3238082   1.15295669
  0.0395677  -0.97222817  0.11996019  0.43540169 -0.35180934  0.62465135
 -0.82598148 -0.51616879 -1.57455705  0.02065019 -0.82741746 -0.7617099
  1.41294134]","[-0.37130144 -0.13016133 -0.25140711  0.82255172 -0.11229546  0.26505584
 -0.87559622 -0.02194266  0.56549934 -1.49645052  0.43078674  0.41363589
 -0.27855371 -1.01527697 -1.4786595   0.80176551 -0.13800968  0.38729304
  1.13573067]","[nan nan nan nan nan nan nan nan nan nan nan nan nan nan nan nan nan nan
 nan]","[nan nan nan nan nan nan nan nan nan nan nan nan nan nan nan nan nan nan
 nan]"
-11.308759804421026,23,0.48328202300709,22.617519608842052,0.9833704177757414,0.0,1.54690420074576e+22,8.170277734523119e+20,12423.040213243856,0.012100871251230522,75.62675923580267,61.557053630179205,138.92086927200864,77.22217408317496,1.1029911392510122e+20,37387.08008195331,0.00430778316215553,331.3056909436277,62.24984453147289,138.61625398718763,6.944938457628041,"[-1.53829794  0.02141881 -0.15904114  1.24599643 -0.3336261   0.09663553
 -0.17958672 -0.67662945 -0.28605886  0.02556546 -1.16734391 -0.27737785
 -0.7023609  -0.5023161  -1.73022336  0.08680355 -0.38921638  0.11630778
  1.27723704]","[-0.61575035  0.26630023 -0.4229667   0.81345053 -0.12012722 -0.09422944
 -1.08896398 -1.26382715  0.97057788 -1.02787073  0.39075054  0.32485715
  0.00350615 -0.74853974 -1.33919841  0.60481956 -0.14493431  0.21105798
  1.36304806]","[nan nan nan nan nan nan nan nan nan nan nan nan nan nan nan nan nan nan
 nan]","[nan nan nan nan nan nan nan nan nan nan nan nan nan nan nan nan nan nan
 nan]"
-11.143108813641035,23,0.503033688645135,22.28621762728207,0.9689659837948726,0.0,1.5470971474165044e+22,8.153741384282496e+20,12422.671459717294,0.012244135107677023,75.73364418789976,61.56046904105777,138.91703333925676,76.99702244905376,1.108693456536847e+20,37387.43577342357,0.004310645056213735,331.3652702657382,62.253124681347984,138.61151157125641,6.890345685096179,"[-1.53703676  0.02533336 -0.16231268  1.24532479 -0.33378287  0.10620594
 -0.17597711 -0.67457798 -0.2217596   0.09387137 -1.00398385 -0.10385939
 -0.81123141 -0.58178036 -1.79555372  0.14807907 -0.27698647  0.0651054
  1.09524478]","[-0.61922671  0.2595734  -0.41763974  0.81356335 -0.12051339 -0.10550822
 -1.08880737 -1.25737903  0.86237548 -1.14354818  0.35271833  0.28958104
  0.05301859 -0.7144748  -1.33980269  0.60730771 -0.14364352  0.40220948
  1.39243692]","[nan nan nan nan nan nan nan nan nan nan nan nan nan nan nan nan nan nan
 nan]","[nan nan nan nan nan nan nan nan nan nan nan nan nan nan nan nan nan nan
 nan]"
-11.038900690062334,23,0.5155590900020572,22.07780138012467,0.9599044078315073,0.0,1.548258294982189e+22,8.087768013317582e+20,12426.257249707081,0.013916473588612628,72.85564867577304,61.55647691357036,138.89393713169105,79.92779464179807,1.0787064606562556e+20,37387.207910895624,0.004765801063142826,333.8644510070912,62.204881541897684,138.47520664059383,4.444713457394641,"[-1.58857034 -0.03936438 -0.20957576  1.22900522 -0.33877952  0.0845774
 -0.16093492 -0.71411077  0.02009533  0.30668659 -0.6105459   0.27768688
 -0.87044161 -0.67525768 -1.7188434   0.21649626 -0.43686582 -0.0797508
  1.29585324]","[-0.68887791  0.24582794 -0.41234272  0.80528148 -0.08952907  0.4905633
 -1.02656618 -1.09682299  0.75054681 -1.24607135  0.54965377  0.491912
  0.18563274 -0.61199203 -1.48018248  0.38340656 -0.01280231  0.21784945
  1.17946541]","[nan nan nan nan nan nan nan nan nan nan nan nan nan nan nan nan nan nan
 nan]","[nan nan nan nan nan nan nan nan nan nan nan nan nan nan nan nan nan nan
 nan]"
-10.749647471714095,23,0.5506245338792526,21.49929494342819,0.9347519540620952,0.0,1.5446110099470172e+22,8.08334558539058e+20,12430.993454313564,0.016283461879344676,96.48831279999217,61.84593456045829,138.92765118145638,48.84357064625823,8.696201328079353e+19,37349.760076081155,0.00470523361152281,318.0358774672092,62.46155695506358,138.47520969728873,20.320019185162437,"[-1.16822983  0.21791314 -0.19836096  1.27537859 -0.34875572  0.39109718
 -0.08387214 -1.03639577  0.2141529   0.49012947 -0.66931975  0.23130962
 -0.89861629 -0.70355067 -1.74291589  0.24971358 -0.6244302  -0.08466532
  1.24252857]","[-0.62056987  0.13939713 -0.24957912  0.81497331 -0.13820004 -0.41054443
 -1.00684723 -1.06313031  0.85300563 -1.17854893 -0.06004789 -0.09743673
  0.19039276 -0.62862012 -1.74720442 -0.06469601 -0.35683166  0.16217039
  0.83662177]","[nan nan nan nan nan nan nan nan nan nan nan nan nan nan nan nan nan nan
 nan]","[nan nan nan nan nan nan nan nan nan nan nan nan nan nan nan nan nan nan
 nan]"
-10.663407031723985,23,0.5611368316688792,21.32681406344797,0.927252785367303,0.0,1.537135828880684e+22,8.35852263297741e+20,12415.421869538824,0.01568014686071933,95.65522072475846,61.75056994815515,138.83401059475506,53.64568690359016,9.194148899955356e+19,37321.165231651445,0.0031280893511066604,299.3900189489723,62.37206969067721,138.3308774171127,38.72302198214538,"[-1.0763253  -0.03242222  0.31111742  1.376661   -0.33356455  0.47938318
 -0.10289815 -0.98951534  0.14537697  0.4726729  -0.51260195  0.43697463
 -0.50978927 -0.29942521 -1.70926295  0.16107248 -0.30067668  0.19070796
  1.28697942]","[-0.5480055   0.18573336 -0.49109801  0.79606522 -0.11590066  0.04405567
 -1.02246118 -0.85524856  0.67165793 -1.34975314  0.54730054  0.50056145
 -0.15956225 -0.88343289 -1.46742286  0.2381656  -0.76307885  0.28412759
  1.2498319 ]","[nan nan nan nan nan nan nan nan nan nan nan nan nan nan nan nan nan nan
 nan]","[nan nan nan nan nan nan nan nan nan nan nan nan nan nan nan nan nan nan
 nan]"
-10.553602495343203,23,0.5745406276393843,21.107204990686405,0.9177045648124524,0.0,1.546875609284255e+22,8.100984435890413e+20,12446.315870304392,0.017756950205074503,107.8172123894631,61.82652658602347,138.9895529392085,42.54926287232553,7.52267801484329e+19,37359.28708510303,0.0034176791861457944,296.2547376540574,62.497797697426286,138.32888318705557,41.93550438067109,"[-1.05730293  0.05524297  0.30955359  1.36226207 -0.32400862  0.61955511
 -0.06561126 -0.76399128  0.07081641  0.34571008 -0.6494544   0.25517542
 -0.83843825 -0.63464758 -1.71214695  0.27899371 -0.46689534 -0.05654672
  1.28991527]","[-0.3874047  -0.0801877  -0.3293206   0.83285063 -0.13408541 -0.27566665
 -1.05061582 -1.10477924  0.81191997 -1.22552364 -0.1604211  -0.19247439
 -0.24598591 -1.00260493 -1.69480394  0.46070855 -0.01145509 -0.17585073
  0.75107557]","[nan nan nan nan nan nan nan nan nan nan nan nan nan nan nan nan nan nan
 nan]","[nan nan nan nan nan nan nan nan nan nan nan nan nan nan nan nan nan nan
 nan]"
-10.46864258160488,23,0.5849175547710134,20.93728516320976,0.9103167462265114,0.0,1.5402322931543905e+22,8.065212193623475e+20,12427.584251976858,0.022157255536968106,129.2839574809705,62.043754766689965,138.91923306056145,16.371399882216792,7.450434233577977e+19,37312.585594896336,0.004465166835105936,269.6649637380426,62.76342070083523,137.9950866219834,68.5121570902565,"[-0.61941372 -0.02655799  0.64599679  1.46117935 -0.33622975  0.87072181
  0.03779972 -0.83447557 -0.5560295  -0.21301222 -0.39656953  0.60415159
 -0.83189899 -0.50938637 -1.73461906  0.29862215 -0.24586879 -0.10370593
  1.12863671]","[-0.1529362  -0.22115873 -0.19694592  0.84646013 -0.13248401 -0.15249758
 -0.95404866 -0.66601287  1.09786228 -0.97837171  0.1979228   0.17329802
 -0.26085786 -1.01894243 -1.33084027  0.77334602 -0.31758255  0.39454281
  1.40506747]","[nan nan nan nan nan nan nan nan nan nan nan nan nan nan nan nan nan nan
 nan]","[nan nan nan nan nan nan nan nan nan nan nan nan nan nan nan nan nan nan
 nan]"
-10.239537922695035,23,0.6128665600499136,20.47907584539007,0.8903946019734813,0.0,1.5389299422304794e+22,7.819019079705197e+20,12416.190070406625,0.019235392741046842,124.06075109892006,62.00625544589376,139.0325791730301,15.331752855949958,7.649078069065417e+19,37283.08569651939,0.003937904169828024,316.9010839194299,62.56483519306047,138.29464238026725,21.608156215609938,"[-0.91547527  0.35993728 -0.20091135  1.29261217 -0.35069189  0.68993307
  0.01497036 -0.7944913   0.16086206  0.47402289 -0.66410574  0.29096913
 -0.852316   -0.54715977 -1.64265765  0.56711087 -0.18079217 -0.14286616
  1.32544428]","[-0.71927464  0.05863983 -0.21510574  0.78221401 -0.12113946 -0.23026162
 -0.94415534 -0.60458404  0.95089776 -1.12660927 -0.00753289 -0.0580339
 -0.21374121 -1.02602973 -1.54916102  0.55342723 -0.1408714   0.49144845
  1.09152336]","[nan nan nan nan nan nan nan nan nan nan nan nan nan nan nan nan nan nan
 nan]","[nan nan nan nan nan nan nan nan nan nan nan nan nan nan nan nan nan nan
 nan]"
-10.115810983256477,23,0.6279018753233153,20.231621966512954,0.8796357376744762,0.0,1.5377754462457971e+22,7.892327757018468e+20,12420.098166091277,0.02294325392648021,130.11086376569963,62.16471625807031,138.90219563015322,5.276475076494705,6.9108987571065586e+19,37282.002696353615,0.00488573553596083,299.06973776944585,62.61355456015225,137.91953550633997,39.31602891256847,"[-0.66657597  0.0922368   0.07792194  1.36751902 -0.38050148  0.70061654
  0.11447972 -1.08283787 -0.22914097  0.08652024 -0.39661867  0.57846616
 -0.87782407 -0.60999598 -1.58195777  0.58353698 -0.41345987 -0.36222474
  1.50783618]","[-5.38572086e-01  7.50816963e-02 -1.59580116e-01  7.82317354e-01
 -9.81716258e-02  1.75108481e-01 -8.57385986e-01 -2.90307502e-01
  1.05030969e+00 -1.01613829e+00  4.45582742e-01  4.14722694e-01
  2.76075858e-02 -7.94382217e-01 -1.66482320e+00 -3.72165132e-04
 -4.89488577e-01  1.89809285e-01  9.94852682e-01]","[nan nan nan nan nan nan nan nan nan nan nan nan nan nan nan nan nan nan
 nan]","[nan nan nan nan nan nan nan nan nan nan nan nan nan nan nan nan nan nan
 nan]"
