,large_low_synch_low_synch_offset,large_low_synch_low_synch_,large_low_synch_low_fast_offset,large_low_synch_low_fast_,large_low_synch_high_synch_offset,large_low_synch_high_synch_,large_low_synch_high_fast_offset,large_low_synch_high_fast_,large_low_fast_low_synch_offset,large_low_fast_low_synch_,large_low_fast_low_fast_offset,large_low_fast_low_fast_,large_low_fast_high_synch_offset,large_low_fast_high_synch_,large_low_fast_high_fast_offset,large_low_fast_high_fast_,large_high_synch_low_synch_offset,large_high_synch_low_synch_,large_high_synch_low_fast_offset,large_high_synch_low_fast_,large_high_synch_high_synch_offset,large_high_synch_high_synch_,large_high_synch_high_fast_offset,large_high_synch_high_fast_,large_high_fast_low_synch_offset,large_high_fast_low_synch_,large_high_fast_low_fast_offset,large_high_fast_low_fast_,large_high_fast_high_synch_offset,large_high_fast_high_synch_,large_high_fast_high_fast_offset,large_high_fast_high_fast_,shape_low_synch_low_synch_offset,shape_low_synch_low_synch_,shape_low_synch_low_fast_offset,shape_low_synch_low_fast_,shape_low_synch_high_synch_offset,shape_low_synch_high_synch_,shape_low_synch_high_fast_offset,shape_low_synch_high_fast_,shape_low_fast_low_synch_offset,shape_low_fast_low_synch_,shape_low_fast_low_fast_offset,shape_low_fast_low_fast_,shape_low_fast_high_synch_offset,shape_low_fast_high_synch_,shape_low_fast_high_fast_offset,shape_low_fast_high_fast_,shape_high_synch_low_synch_offset,shape_high_synch_low_synch_,shape_high_synch_low_fast_offset,shape_high_synch_low_fast_,shape_high_synch_high_synch_offset,shape_high_synch_high_synch_,shape_high_synch_high_fast_offset,shape_high_synch_high_fast_,shape_high_fast_low_synch_offset,shape_high_fast_low_synch_,shape_high_fast_low_fast_offset,shape_high_fast_low_fast_,shape_high_fast_high_synch_offset,shape_high_fast_high_synch_,shape_high_fast_high_fast_offset,shape_high_fast_high_fast_
large_low_synch_low_synch_offset,0.0,,,,,,,,,,,,,,,,,,,,,,,,,,,,,,,,,,,,,,,,,,,,,,,,,,,,,,,,,,,,,,,
large_low_synch_low_synch_,0.9180760330258257,0.0,,,,,,,,,,,,,,,,,,,,,,,,,,,,,,,,,,,,,,,,,,,,,,,,,,,,,,,,,,,,,,
large_low_synch_low_fast_offset,375.0294518894945,374.86699240656264,0.0,,,,,,,,,,,,,,,,,,,,,,,,,,,,,,,,,,,,,,,,,,,,,,,,,,,,,,,,,,,,,
large_low_synch_low_fast_,375.1932597766239,375.0294518894945,0.9180760330258253,0.0,,,,,,,,,,,,,,,,,,,,,,,,,,,,,,,,,,,,,,,,,,,,,,,,,,,,,,,,,,,,
large_low_synch_high_synch_offset,99.1583869168727,98.77592656022973,387.72463256890416,387.75479912505233,0.0,,,,,,,,,,,,,,,,,,,,,,,,,,,,,,,,,,,,,,,,,,,,,,,,,,,,,,,,,,,
large_low_synch_high_synch_,99.54451794301659,99.15838691687269,387.69560484555734,387.72463256890416,0.9180760330258215,0.0,,,,,,,,,,,,,,,,,,,,,,,,,,,,,,,,,,,,,,,,,,,,,,,,,,,,,,,,,,
large_low_synch_high_fast_offset,410.8537572370244,410.92807465416445,220.53599970798393,221.16694134759763,394.58443526173534,394.667494622991,0.0,,,,,,,,,,,,,,,,,,,,,,,,,,,,,,,,,,,,,,,,,,,,,,,,,,,,,,,,,
large_low_synch_high_fast_,410.78068005254033,410.8537572370244,219.90578961479622,220.5359997079839,394.50235614215234,394.58443526173534,0.9180760330258185,0.0,,,,,,,,,,,,,,,,,,,,,,,,,,,,,,,,,,,,,,,,,,,,,,,,,,,,,,,,
large_low_fast_low_synch_offset,382.7113624061628,382.61151001744423,59.92921719514724,60.583613716145,406.6506345030868,406.6847981266501,200.8202754980383,200.25538319602197,0.0,,,,,,,,,,,,,,,,,,,,,,,,,,,,,,,,,,,,,,,,,,,,,,,,,,,,,,,
large_low_fast_low_synch_,382.81241246165183,382.7113624061628,59.27974516499427,59.929217195147245,406.61747002505956,406.65063450308674,201.3859379282946,200.8202754980383,0.9180760330258244,0.0,,,,,,,,,,,,,,,,,,,,,,,,,,,,,,,,,,,,,,,,,,,,,,,,,,,,,,
large_low_fast_low_fast_offset,407.466805913344,407.427736206329,79.01911426004257,79.70327536081537,432.43073828042293,432.4994415931057,152.21621460096316,151.62558315440432,57.943926829037466,58.3236938825385,0.0,,,,,,,,,,,,,,,,,,,,,,,,,,,,,,,,,,,,,,,,,,,,,,,,,,,,,
large_low_fast_low_fast_,407.5068676387308,407.46680591334393,78.36943002343317,79.01911426004257,432.3628151688669,432.4307382804228,152.80811925804363,152.21621460096318,57.56882946092263,57.94392682903745,0.9180760330258375,0.0,,,,,,,,,,,,,,,,,,,,,,,,,,,,,,,,,,,,,,,,,,,,,,,,,,,,
large_low_fast_high_synch_offset,405.5807369302585,405.5334571808211,74.34753149092103,74.7202881608787,428.38826635915376,428.4475695250752,156.23080287858232,155.61780317133227,60.25341463619186,60.612956976387075,15.913216996874606,15.352416763092162,0.0,,,,,,,,,,,,,,,,,,,,,,,,,,,,,,,,,,,,,,,,,,,,,,,,,,,
large_low_fast_high_synch_,405.6290309278095,405.5807369302585,73.9899221363346,74.34753149092103,428.32975799428203,428.3882663591537,156.84447104977704,156.23080287858232,59.89806812342438,60.253414636191856,16.497090635135056,15.913216996874585,0.9180760330258336,0.0,,,,,,,,,,,,,,,,,,,,,,,,,,,,,,,,,,,,,,,,,,,,,,,,,,
large_low_fast_high_fast_offset,385.5791083949616,385.46096312728116,38.60932224311024,39.19430455405451,405.40631790498736,405.4189001344231,200.9938565952084,200.4109036554031,22.319269644865756,21.63277258352268,56.73833675199499,56.231319737897614,57.40523805058851,56.994609583627515,0.0,,,,,,,,,,,,,,,,,,,,,,,,,,,,,,,,,,,,,,,,,,,,,,,,,
large_low_fast_high_fast_,385.69846030787306,385.5791083949616,38.035131022095904,38.60932224311024,405.3947453079262,405.40631790498736,201.5775109231763,200.9938565952084,23.021034215298844,22.31926964486574,57.265974815588706,56.73833675199497,57.82203763947828,57.405238050588515,0.9180760330258244,0.0,,,,,,,,,,,,,,,,,,,,,,,,,,,,,,,,,,,,,,,,,,,,,,,,
large_high_synch_low_synch_offset,203.43573541693664,203.92404685480156,372.8769854355898,373.2716042147165,189.60241201374612,190.017499081321,304.7064502564593,304.9005294724047,381.2836663247573,381.53709371093254,380.31903008660515,380.48938440387707,378.30023687055404,378.4956107418376,380.12862440349784,380.4195742914487,0.0,,,,,,,,,,,,,,,,,,,,,,,,,,,,,,,,,,,,,,,,,,,,,,,
large_high_synch_low_synch_,202.94868823789284,203.43573541693664,372.48405486296986,372.8769854355898,189.19040375389142,189.60241201374615,304.5142423119916,304.7064502564593,381.03198150792093,381.2836663247573,380.1503634365347,380.31903008660504,378.10658274099774,378.3002368705541,379.8394768921884,380.12862440349784,0.9180760330258305,0.0,,,,,,,,,,,,,,,,,,,,,,,,,,,,,,,,,,,,,,,,,,,,,,
large_high_synch_low_fast_offset,88.1660398598656,87.37437569432679,359.7909004591863,359.7849450717242,80.68268448059209,80.16877237586772,416.11351345632147,415.9229537699748,378.7217478073155,378.667074120273,412.5859936042912,412.4962695839097,410.1981251042203,410.1127300188886,378.63540912164484,378.59682497910944,256.1489178996199,255.64269223586265,0.0,,,,,,,,,,,,,,,,,,,,,,,,,,,,,,,,,,,,,,,,,,,,,
large_high_synch_low_fast_,88.96121997322699,88.1660398598656,359.7978598036242,359.7909004591863,81.20171294910526,80.6826844805921,416.30507826416675,416.1135134563215,378.77730443174835,378.7217478073155,412.6764273418559,412.5859936042912,410.28423114880303,410.1981251042203,378.6748792882874,378.63540912164484,256.65641775597373,256.14891789961996,0.9180760330258333,0.0,,,,,,,,,,,,,,,,,,,,,,,,,,,,,,,,,,,,,,,,,,,,
large_high_synch_high_synch_offset,233.59765846340923,233.43707441492836,324.1997007028479,324.0159750214611,149.77118933794705,149.65606424925292,325.6741044969225,325.5199755847869,354.3230782576864,354.1009009878222,387.73251154027855,387.51284192414516,382.41581898621814,382.2033378920411,349.87887349404406,349.67425066988386,223.90312611234708,223.52965791723423,180.98887351409834,181.13408542249695,0.0,,,,,,,,,,,,,,,,,,,,,,,,,,,,,,,,,,,,,,,,,,,
large_high_synch_high_synch_,233.76130130448672,233.59765846340923,324.38399159554945,324.1997007028479,149.89347427765694,149.77118933794705,325.82877482929564,325.6741044969225,354.5457792679951,354.3230782576864,387.95257052397415,387.73251154027855,382.6286859346325,382.41581898621814,350.0840108557083,349.87887349404406,224.28735430299093,223.90312611234708,180.84754174378722,180.98887351409837,0.9180760330258351,0.0,,,,,,,,,,,,,,,,,,,,,,,,,,,,,,,,,,,,,,,,,,
large_high_synch_high_fast_offset,137.31868150510456,137.8577768132742,408.3681233666826,408.59091638566963,131.78424621102124,132.2693765537363,358.75122403758894,358.85968640373295,414.6197308684532,414.7575341259243,424.2363827170757,424.31313005436135,419.82905631218546,419.92445432706677,415.73121906494384,415.8957112805388,90.0967015150279,89.91688866586867,209.11902862968148,209.64893086673248,198.29728666316896,198.8126570310235,0.0,,,,,,,,,,,,,,,,,,,,,,,,,,,,,,,,,,,,,,,,,
large_high_synch_high_fast_,136.78098429658237,137.31868150510456,408.14685681988044,408.3681233666826,131.30256364792118,131.78424621102124,358.6439832514971,358.75122403758894,414.48332403461734,414.6197308684532,424.16083639864087,424.2363827170756,419.73489706516955,419.82905631218546,415.5681559282842,415.73121906494384,90.28201269415052,90.09670151502789,208.5906399585213,209.1190286296815,197.78944155908053,198.29728666316896,0.9180760330258267,0.0,,,,,,,,,,,,,,,,,,,,,,,,,,,,,,,,,,,,,,,,
large_high_fast_low_synch_offset,421.963195164207,422.05919342788417,199.3568843790149,199.82608988166544,444.64493265506235,444.7859779126404,160.31042010108973,160.46725622723,189.58773554230805,189.9871062834578,138.31041124773304,138.68399990578337,134.08587831432064,134.5063184378907,186.60857467679622,187.04828858543416,347.2155250408431,347.19668918544977,450.3242367892352,450.50750473836376,419.70716082908626,419.9165602268447,395.3547578111905,395.37360318870856,0.0,,,,,,,,,,,,,,,,,,,,,,,,,,,,,,,,,,,,,,,
large_high_fast_low_synch_,421.86798117259895,421.963195164207,198.88974834884593,199.3568843790149,444.5044048133477,444.64493265506235,160.15673798403913,160.31042010108973,189.1903236860423,189.58773554230805,137.94026531649382,138.31041124773301,133.66863649900264,134.08587831432064,186.17087513677302,186.60857467679622,347.235765338885,347.21552504084315,450.1415081641004,450.32423678923533,419.49803431985123,419.70716082908626,395.3367943672806,395.3547578111905,0.9180760330258404,0.0,,,,,,,,,,,,,,,,,,,,,,,,,,,,,,,,,,,,,,
large_high_fast_low_fast_offset,361.04963933449915,360.8838829156222,32.129710317343296,31.91302187871697,379.07838191760055,379.0603207428053,234.22059647083051,233.6352976623662,44.89653606899089,44.72557765098324,100.7940028633051,100.47126018445273,102.31095659664585,101.98005296152179,46.76259029639224,46.525889713091374,372.49792019780654,372.1436456503458,345.4313581029813,345.4407706886035,317.64591489016567,317.85094626517565,404.3519527562331,404.14394490265516,224.83529945927162,224.42329144663444,0.0,,,,,,,,,,,,,,,,,,,,,,,,,,,,,,,,,,,,,
large_high_fast_low_fast_,361.2167860459997,361.04963933449915,32.36495721803926,32.129710317343296,379.0976492492359,379.07838191760055,234.80676513116626,234.22059647083051,45.07322515232563,44.89653606899088,101.12016683256577,100.79400286330505,102.64470215038897,102.31095659664585,47.00414830772699,46.76259029639225,372.85422122724725,372.49792019780654,345.4230177465914,345.4313581029813,317.44153743645427,317.6459148901657,404.56150919176173,404.3519527562331,225.2488496688777,224.8352994592716,0.9180760330258331,0.0,,,,,,,,,,,,,,,,,,,,,,,,,,,,,,,,,,,,
large_high_fast_high_synch_offset,417.0605999894741,417.02906553367313,92.01535121391356,92.27928455032459,441.11258313935593,441.1822342030569,145.59392891035006,144.9738905927426,77.27130910479568,77.61226386530652,20.343775989154707,20.536085826513947,19.295392053303413,19.458485525898165,74.331605462634,74.69702419647636,385.21923402896607,385.05767570952025,424.9122135498084,425.0067036238943,397.39195226207386,397.60545937724737,427.43107271707106,427.35559277902803,121.94183234347543,121.53996317345616,119.81542009406424,120.12623774616138,0.0,,,,,,,,,,,,,,,,,,,,,,,,,,,,,,,,,,,
large_high_fast_high_synch_,417.0930776551158,417.0605999894741,91.75949901557564,92.01535121391356,441.0436743829998,441.11258313935593,146.21455296819633,145.59392891035006,76.93349839121481,77.27130910479569,20.170164099997038,20.343775989154725,19.13432173930635,19.29539205330342,73.97095827360646,74.331605462634,385.38243813860265,385.21923402896607,424.8183804807685,424.9122135498084,397.1788201086119,397.39195226207386,427.5077165623806,427.43107271707106,122.34754642760683,121.94183234347543,119.50714403369663,119.81542009406427,0.9180760330258275,0.0,,,,,,,,,,,,,,,,,,,,,,,,,,,,,,,,,,
large_high_fast_high_fast_offset,416.585788019908,416.5576301628019,94.07057042849642,94.4267209870736,440.16778708370543,440.2393874436942,140.92732481773731,140.31239365693838,78.54871664990658,78.91067377667432,20.78441030757988,21.11041172184381,20.925899655859148,21.320324426273057,76.17251310953431,76.5637765727287,382.9883418917746,382.8313788333909,424.2284422826659,424.32551352210857,396.0955609299326,396.30997170611755,426.47463393857606,426.4030662455264,120.4367727684179,120.04723111647041,121.13132123597717,121.46029949517816,7.74090743432966,8.331392246766816,0.0,,,,,,,,,,,,,,,,,,,,,,,,,,,,,,,,,
large_high_fast_high_fast_,416.6148976554441,416.585788019908,93.72335491162087,94.07057042849645,440.0969292371078,440.16778708370543,141.54341034383654,140.9273248177373,78.18974073240236,78.54871664990661,20.469665859812423,20.784410307579908,20.55368694925151,20.925899655859173,75.78555886254436,76.17251310953434,383.1469438358083,382.9883418917746,424.1320452607019,424.2284422826659,395.8815230081268,396.09556092993273,426.5473559306382,426.47463393857606,120.8304633087362,120.43677276841788,120.80479960065774,121.13132123597717,7.228939659260986,7.7409074343296815,0.9180760330258054,0.0,,,,,,,,,,,,,,,,,,,,,,,,,,,,,,,,
shape_low_synch_low_synch_offset,414.9705989338107,414.9665753635955,102.17811150197512,102.5017532562238,442.2446697849121,442.337296552437,145.55205985983775,145.59864983062025,89.25540058264019,89.60282556893743,33.107099440882976,33.3580177314934,29.680296245583175,29.833800096678015,85.88544328373118,86.27553340299258,378.1646280288424,378.04369652738944,427.42701324851544,427.54108049857143,405.0035092865962,405.22789729479325,422.98588095161097,422.9426300582752,107.7126932555511,107.34028402499456,130.46014770730136,130.78472133682382,18.638392478142578,19.448644524226953,20.520481028464204,20.968894504045995,0.0,,,,,,,,,,,,,,,,,,,,,,,,,,,,,,,
shape_low_synch_low_synch_,414.9755115521469,414.9705989338107,101.86572975493203,102.17811150197511,442.1527263079089,442.2446697849121,145.53235631023455,145.55205985983775,88.9114233151008,89.25540058264018,32.87324153632497,33.10709944088297,29.53615082231939,29.680296245583154,85.50086511665172,85.88544328373116,378.28719681321877,378.1646280288424,427.3135529024802,427.42701324851544,404.7794614285809,405.0035092865962,423.03024236140186,422.98588095161097,108.08965191707907,107.71269325555109,130.13826307697224,130.46014770730136,17.837457655403895,18.638392478142578,20.10815468305956,20.520481028464197,0.9180760330258299,0.0,,,,,,,,,,,,,,,,,,,,,,,,,,,,,,
shape_low_synch_low_fast_offset,400.8162769757991,400.76642156350783,73.53311369673807,74.14920032277264,426.5647552416724,426.6295619822963,165.45376691016298,164.86162287129133,45.71347814314513,46.05880051491678,15.700348690998641,15.250454836011555,15.631684264669811,15.504208230261707,42.939115108684,43.425832034427664,380.09417800787105,379.9087229028188,405.1096925657775,405.1951833957284,381.90043854272636,382.12399364781254,420.79096508672654,420.7041967022664,148.1877846976759,147.7958847360921,88.35787609173046,88.65068580036494,31.753471364828922,31.417391827895898,33.44512276649914,33.072032779942134,43.85810667503225,43.51447380469044,0.0,,,,,,,,,,,,,,,,,,,,,,,,,,,,,
shape_low_synch_low_fast_,400.8671552304904,400.8162769757991,72.93099367258175,73.53311369673807,426.50076636437416,426.5647552416724,166.0465644591962,165.45376691016298,45.37449469703956,45.71347814314513,16.177508852994148,15.700348690998627,15.835496326797433,15.631684264669815,42.48344680417082,42.939115108683986,380.2813578798219,380.09417800787105,405.0249213342672,405.1096925657775,381.67728945724696,381.90043854272636,420.8789896256588,420.7909650867265,148.58251901404145,148.1877846976759,88.06932940977829,88.35787609173046,32.09566854375651,31.753471364828936,33.823572400457415,33.44512276649916,44.209401251887016,43.858106675032246,0.9180760330258385,0.0,,,,,,,,,,,,,,,,,,,,,,,,,,,,
shape_low_synch_high_synch_offset,393.26789311755704,393.1978111897614,67.10940251403589,67.76700413443947,418.24234002257054,418.2944899056589,178.97779975745965,178.39759154799367,26.927852373390486,27.25575744820914,31.828806155312524,31.45085628789466,33.92932217100167,33.578888945275395,30.54085585738323,31.43759587365581,379.5023447122839,379.2887424643203,393.9199983676021,393.99279414867124,370.53291902178955,370.75558051561455,418.4957024414449,418.38954555153975,165.39234645005735,164.9975916275049,69.62068912458771,69.89433765559085,50.86823272471304,50.535521455640534,52.32037174607968,51.95872435247349,62.899412141009755,62.559626938605305,19.202772498420696,18.88300236027697,0.0,,,,,,,,,,,,,,,,,,,,,,,,,,,
shape_low_synch_high_synch_,393.3390632559619,393.26789311755704,66.45914171245288,67.10940251403589,418.19107337325954,418.2423400225706,179.55875229466892,178.97779975745962,26.613602496503578,26.927852373390483,32.21483459824023,31.828806155312503,34.28681905381767,33.92932217100167,29.645961726888753,30.540855857383235,379.71770116727555,379.5023447122839,393.8479811789262,393.9199983676021,370.31069993623817,370.53291902178955,418.6031769004254,418.4957024414449,165.78950633131342,165.39234645005735,69.35287479755638,69.62068912458773,51.2053654802576,50.868232724713046,52.686014051157635,52.320371746079694,63.24430909927154,62.89941214100973,19.537885459547592,19.20277249842069,0.9180760330258252,0.0,,,,,,,,,,,,,,,,,,,,,,,,,,
shape_low_synch_high_fast_offset,412.74317668204014,412.73266022914254,95.54073628545748,95.81929490743497,440.0687226582496,440.15816397250677,145.4386151758787,145.26024761616574,82.26935962857439,82.61298544271406,26.475764823713494,26.63602711502901,25.749448655366237,26.186315796935357,78.89286938537214,79.28194090082943,378.9149206336271,378.785084423372,424.1553865556453,424.26568786578633,401.90277383537466,402.1282461139132,422.72751450365024,422.6784262148678,114.30806001787622,113.93094202257103,123.69671517344636,124.01438323866253,16.404705291483555,17.106962220131418,18.406051074324488,18.841224151983468,7.103571566772945,6.752452255264123,36.79218752948441,37.136780088889225,55.87191830393205,56.211039511357384,0.0,,,,,,,,,,,,,,,,,,,,,,,,,
shape_low_synch_high_fast_,412.75460140220304,412.74317668204014,95.27702484899858,95.54073628545748,439.97998469100105,440.06872265824967,145.65215888329215,145.43861517587868,81.92949854578022,82.2693596285744,26.351273686935567,26.47576482371351,25.37406964916559,25.749448655366248,78.51030284189103,78.89286938537217,379.04640962639587,378.9149206336271,424.04570560432666,424.1553865556453,401.6776508184157,401.9027738353747,422.777737035422,422.7275145036503,114.68932863119537,114.30806001787619,123.38194211343833,123.69671517344638,15.730178785785087,16.404705291483573,18.006608231777154,18.4060510743245,7.500639715558567,7.103571566772921,36.45697560594496,36.79218752948443,55.53863144993342,55.871918303932055,0.9180760330257993,0.0,,,,,,,,,,,,,,,,,,,,,,,,
shape_low_fast_low_synch_offset,409.6430949971881,409.62857629760487,89.6597356897917,89.97010861975478,437.6952411287251,437.78460462180067,148.1065730154014,147.72345527936042,74.48032085545704,74.8205896264621,21.992269570902096,22.180448409065573,27.16902725240701,27.77152664538017,71.11186992842349,71.51086935406661,379.38498681144927,379.2513588691668,420.41491662953956,420.52353645978644,399.27366949561736,399.5029709167194,422.0699068013093,422.0189630299845,121.51770843107113,121.14552057842812,116.10611502023475,116.41437858973218,18.156621733469223,18.74526455457194,19.858961968808362,20.28198533821586,15.146397687338586,14.855449729198549,28.920212914122008,29.260067343872134,48.03725383733195,48.3703195058251,8.180300161205627,7.91228938108815,0.0,,,,,,,,,,,,,,,,,,,,,,,
shape_low_fast_low_synch_,409.6585400718636,409.6430949971882,89.39776589517271,89.6597356897917,437.6066006682417,437.6952411287251,148.51376579838632,148.1065730154014,74.14450511881104,74.48032085545707,21.8337402832275,21.99226957090211,26.58286730737622,27.169027252407012,70.72260641491619,71.1118699284235,379.52027898790334,379.38498681144927,420.3069296159714,420.41491662953956,399.0447273388797,399.27366949561736,422.1220056056912,422.0699068013093,121.8937224836574,121.51770843107111,115.80116721267856,116.10611502023477,17.59717286147919,18.156621733469215,19.470284019781683,19.85896196880835,15.455835302676135,15.14639768733856,28.595440656344618,28.920212914122025,47.71183338347575,48.03725383733196,8.482594069019628,8.18030016120563,0.9180760330258282,0.0,,,,,,,,,,,,,,,,,,,,,,
shape_low_fast_low_fast_offset,411.3630944125413,411.35185428598095,92.82544296255261,93.05638401606835,439.17756868318094,439.26799507115413,146.63771178777216,146.3993273655414,79.1885376679223,79.53091469622004,24.377435644626996,24.47064506623819,27.083301101288978,27.64808581523437,75.80803252624946,76.20143606000588,379.15388123366256,379.0241198720553,422.69615423064175,422.8065248878804,401.11299100638814,401.3408497698564,422.3622525765092,422.3135739849391,117.14786917678849,116.77504485727208,120.67758689868533,120.99137554097221,17.910921372836665,18.559136386688273,19.542683715525634,20.011352637592633,10.496951792475805,10.206613642012016,33.672546922469095,34.016381283682975,52.76818378537647,53.10528913503499,3.532272784504239,3.342540291085334,4.7657275520972835,5.139253459653542,0.0,,,,,,,,,,,,,,,,,,,,,
shape_low_fast_low_fast_,411.3752494484163,411.3630944125413,92.61034842814223,92.8254429625526,439.0878531009215,439.17756868318094,146.91019440515936,146.63771178777213,78.85022095666673,79.1885376679223,24.298933751953097,24.377435644626992,26.544799801765937,27.083301101288985,75.42238786990289,75.80803252624948,379.28529807010204,379.15388123366256,422.5864078045244,422.6961542306418,400.8854855344439,401.11299100638814,422.41207259794874,422.3622525765092,117.52472346349298,117.14786917678848,120.36688120604387,120.67758689868532,17.289063836084097,17.910921372836672,19.103783747995525,19.542683715525637,10.814335032678104,10.496951792475791,33.340096362574045,33.6725469224691,52.437642444940536,52.768183785376465,3.8414646614034687,3.5322727845042508,4.4507573728262315,4.765727552097274,0.9180760330258121,0.0,,,,,,,,,,,,,,,,,,,,
shape_low_fast_high_synch_offset,410.11891687201233,410.1066733898943,90.9637132744502,91.23626813507924,438.2991948780748,438.3901204119175,147.6823643450347,147.37852174968464,76.28445271171158,76.62585901541956,23.148248102499586,23.325776977806928,28.146161655399812,28.74628752302664,72.91496509034106,73.31439447014708,379.2802273499825,379.14993824455655,421.28943156458774,421.3995638355685,400.24534780668296,400.4750430422028,422.05987436670296,422.01118715013536,119.81804109271768,119.44828820793545,117.84158037215667,118.15173065733443,19.029090077072652,19.647101990121136,20.559953476735163,21.024083261271215,13.61274456583564,13.327234142999462,30.737528871158297,31.080969820026326,49.84661903855045,50.18185595983,6.654218623207028,6.4152642982027945,1.8312556649683744,2.388695502975787,3.1226558838343776,2.9232911145904366,0.0,,,,,,,,,,,,,,,,,,,
shape_low_fast_high_synch_,410.1320816723362,410.11891687201233,90.7284506025697,90.9637132744502,438.2089871171768,438.2991948780748,148.01700592347493,147.6823643450347,75.94741263266621,76.28445271171161,22.998690403752555,23.148248102499597,27.56341035453072,28.14616165539981,72.52488222159992,72.91496509034107,379.4121754911097,379.28022734998257,421.179927852929,421.28943156458774,400.0160094836687,400.245347806683,422.1097100060673,422.05987436670296,120.19171283501741,119.81804109271765,117.53469673802026,117.84158037215667,18.436523000818653,19.029090077072652,20.125106920730953,20.559953476735153,13.918880438750408,13.612744565835616,30.408243938433774,30.73752887115831,49.5187751476155,49.846619038550465,6.945937157095264,6.65421862320703,1.5418419546660842,1.8312556649683744,3.4355620216196137,3.122655883834368,0.9180760330258282,0.0,,,,,,,,,,,,,,,,,,
shape_low_fast_high_fast_offset,410.924885262266,410.9130820015187,92.02901698996344,92.23777804544673,438.8580079196984,438.94849770270514,147.1607705379165,146.88975151976803,78.109042040618,78.44960668211377,23.952405457566634,24.066047601161383,27.369110629634825,27.942377899299945,74.71189795978674,75.10434663508342,379.30203740164586,379.1716811758724,422.19947662067824,422.3096548408963,400.77468444831106,401.003192590948,422.24358049042866,422.19457359435603,118.1601487552553,117.78719213333643,119.62621038030791,119.9375843831937,18.196141197850014,18.823412339119155,19.834668049651476,20.29502999411278,11.7525685245042,11.455876129964228,32.5830919291024,32.922528136559315,51.684496540848954,52.018566946465015,4.7820703409312495,4.530757057999609,3.6724965838337327,4.036549679600625,1.2602018753001325,1.1384520823741768,1.8867502313110065,2.209161794621052,0.0,,,,,,,,,,,,,,,,,
shape_low_fast_high_fast_,410.93760623072865,410.924885262266,91.83265210156802,92.02901698996345,438.7682320367103,438.8580079196984,147.4641911447726,147.1607705379165,77.77263923352844,78.10904204061801,23.85703722633189,23.952405457566655,26.8184260874705,27.369110629634836,74.32763973755976,74.71189795978674,379.43405071684504,379.30203740164586,422.0899240541607,422.19947662067824,400.54653112240675,400.77468444831106,422.2937322072143,422.24358049042866,118.53708243190994,118.1601487552553,119.31797741488357,119.62621038030792,17.595203820756193,18.19614119785001,19.40399969568234,19.83466804965147,12.073019156045088,11.75256852450418,32.25585961335469,32.58309192910241,51.357257614393305,51.68449654084896,5.101532769907679,4.782070340931257,3.387500036979865,3.6724965838337287,1.6999360942100448,1.2602018753001298,1.919990665416585,1.8867502313110025,0.9180760330258283,0.0,,,,,,,,,,,,,,,,
shape_high_synch_low_synch_offset,410.72300579341794,410.70674193343456,89.73213293664115,89.92987659410517,438.13254203765945,438.21905698686203,146.81855419327005,146.42168596084144,75.68419592946493,76.02406416651904,21.651439803329897,21.751318770588643,24.577894183015655,25.144467148133884,72.3145347063307,72.70444251981324,379.1584200106505,379.02141387819785,421.08129333015177,421.1879446395338,399.22811785697445,399.45424912809904,422.71805905240615,422.6646419166948,120.50332491173587,120.1251288022537,117.34312588600834,117.65332035905816,15.541329570241764,16.13284616337074,17.512102157062202,17.905295835866838,13.784605577466449,13.427374503604875,30.142024602519903,30.47863439356203,49.25614638040235,49.58884849861765,6.683137897370103,6.343927872850209,2.7347711176223974,2.612682336021559,3.582297017848062,3.223031359409013,3.7100186165181332,3.0428408713854003,2.903610526901379,2.4319020608394566,0.0,,,,,,,,,,,,,,,
shape_high_synch_low_synch_,410.74019249018954,410.7230057934179,89.5447769453355,89.73213293664114,438.04674649106335,438.13254203765945,147.2382113316081,146.81855419327005,75.34847949787707,75.68419592946495,21.57061276955064,21.65143980332991,24.034703429336048,24.577894183015673,71.93267651465709,72.31453470633072,379.29709443839016,379.1584200106505,420.97527471873053,421.08129333015177,399.0023435516976,399.22811785697445,422.7726298818825,422.71805905240615,120.88537436530962,120.50332491173589,117.0360598587933,117.34312588600835,14.983083583236098,15.54132957024177,17.157605723886867,17.512102157062206,14.163672827004298,13.784605577466435,29.817536084982777,30.142024602519907,48.930244299439515,49.25614638040235,7.0666107406097085,6.683137897370114,3.4654571414435638,2.7347711176223877,4.196462709185666,3.582297017848064,4.45903871526403,3.7100186165181226,3.7832640097647285,2.90361052690137,0.9180760330258186,0.0,,,,,,,,,,,,,,
shape_high_synch_low_fast_offset,408.442210832961,408.417156445953,83.70636906933221,84.01807311377837,435.41323056451427,435.4938925443742,149.94922793121356,149.39042582093376,67.81303958695278,68.15279213587651,16.202466084448933,16.340525777604896,21.024614954106628,21.630850960539348,64.5320556334143,64.92919126793487,379.2501300591876,379.10055713884213,417.11873499834905,417.21951087040793,395.0398666981398,395.2648985545772,422.64823792435084,422.58663197230874,127.83811378182173,127.45526535310067,109.75994390756571,110.06532155360587,14.40270404974956,14.649582100243435,16.318866649498517,16.390425245113676,21.711319584705,21.358208321516678,22.21516386778949,22.550543697923768,41.35860379136554,41.68970206991259,14.61596741746173,14.274820564693556,6.766067680192502,6.431008918247541,11.48977292767619,11.147119279831857,8.577577755992165,8.220792881263565,10.392458557059058,10.065067645920074,7.939299636167888,7.624505083170418,0.0,,,,,,,,,,,,,
shape_high_synch_low_fast_,408.46821010633244,408.442210832961,83.44055640877284,83.70636906933224,435.3333098878868,435.41323056451427,150.5127269623601,149.94922793121356,67.47785644493267,67.81303958695278,16.101471216488257,16.202466084448933,20.434309865412484,21.02461495410664,64.14488084756593,64.53205563341432,379.40139158468133,379.2501300591876,417.0186117151143,417.11873499834905,394.8152016229424,395.0398666981398,422.711023665013,422.64823792435084,128.22449600438438,127.83811378182172,109.45793149140468,109.75994390756571,14.23273016069059,14.40270404974957,16.303641693826737,16.318866649498524,22.079234576677973,21.711319584704988,21.896129318790443,22.215163867789492,41.03546023509536,41.35860379136553,14.97968589279181,14.615967417461743,7.515594513638566,6.766067680192503,11.870990214388032,11.48977292767619,9.083457496448055,8.577577755992172,10.769804723896497,10.392458557059065,8.302153042847483,7.939299636167892,0.9180760330258176,0.0,,,,,,,,,,,,
shape_high_synch_high_synch_offset,410.78831205543764,410.7723969429751,89.69568942969158,89.94013328861455,438.14707456694913,438.2336414323012,145.8827955698587,145.49111837233173,75.74844205988782,76.09451990711466,20.936496611194453,21.047009431677814,24.523453556064577,25.115242592645494,72.49007962192839,72.89023554910382,378.94408402485533,378.807837945412,421.0678614715001,421.1746407865879,399.15817249692907,399.3841843587992,422.8113007480148,422.75846938943465,120.42945184423003,120.05556065515374,117.43061344691573,117.74560628386516,15.473032047090097,16.10927360966408,17.117554660413848,17.553341842017637,13.720996652308699,13.396598120431758,30.198413037089313,30.55248760796844,49.313101179194554,49.65590522567133,6.658154192267569,6.396375050939176,2.985991201159041,3.236233229333466,3.58878211199587,3.4952452399286966,3.7036962392550414,3.2081676486085104,3.0662622484086457,2.966735416310075,1.2430940923112255,1.9940923312032115,8.042487587807596,8.469462254393115,0.0,,,,,,,,,,,
shape_high_synch_high_synch_,410.8051499299354,410.78831205543764,89.47123590321006,89.6956894296916,438.06122623982014,438.14707456694913,146.2990494878517,145.8827955698587,75.40650122893923,75.74844205988784,20.849516808948234,20.93649661119447,23.955133827277066,24.523453556064585,72.09804546136229,72.49007962192839,379.0819962544025,378.94408402485533,420.96171686443915,421.0678614715001,398.93251730241343,399.15817249692907,422.86528325477104,422.81130074801484,120.80724328772101,120.42945184423002,117.11875474001661,117.43061344691573,14.86794506706076,15.473032047090099,16.718800171210436,17.117554660413845,14.068833588874604,13.720996652308683,29.856306299800966,30.198413037089324,48.977040248751706,49.31310117919456,6.974722164681519,6.65815419226757,3.3507795044626456,2.9859912011590364,3.8549134933273437,3.5887821119958545,4.322628054440215,3.703696239255036,3.482830774695876,3.0662622484086492,0.9504885435124619,1.243094092311221,7.662395904096454,8.042487587807603,0.9180760330258266,0.0,,,,,,,,,,
shape_high_synch_high_fast_offset,410.25458085246703,410.239576709773,89.77220267725943,89.97836960790362,437.91740146036904,438.0054822098359,147.26715562609806,146.87924058511695,75.71877898770636,76.06141960613465,21.86017726197723,21.990244789624423,25.632870963048184,26.222290424903434,72.36658292239322,72.76387928524002,379.3339374944304,379.19868005904436,420.9211896523125,421.0292513407661,399.21116043764926,399.43886420558886,422.1890488862245,422.1366415107118,120.37482510095933,119.99961135303292,117.31601987529251,117.62821832230631,16.666280795079427,17.26883266615787,18.477490875650226,18.892343855548283,13.735147868339965,13.417226856442102,30.172177203564328,30.517153896880725,49.28092294930373,49.618134376361475,6.720214142213348,6.4608227372315605,1.571128173093813,1.8424753898274813,3.509914134369752,3.2282315546829916,2.5496958911710803,1.9633486737712396,2.4534239556130992,2.2940990636465615,1.2183941004169914,2.0886018545453626,7.987648648553668,8.400051377900164,1.5273152271880068,1.8227512965113855,0.0,,,,,,,,,
shape_high_synch_high_fast_,410.27051062192515,410.254580852467,89.5786865648055,89.77220267725941,437.8300421429899,437.91740146036904,147.67882259391018,147.26715562609806,75.38035952597848,75.71877898770636,21.754589086011038,21.860177261977242,25.064137018954497,25.63287096304819,71.97781629922406,72.36658292239322,379.4708586252311,379.3339374944304,420.8137609382345,420.9211896523125,398.9838148631861,399.21116043764926,422.2426099321397,422.1890488862245,120.75389585683905,120.37482510095933,117.00700370093037,117.31601987529251,16.095036129059544,16.66628079507943,18.099202026581636,18.477490875650222,14.093538555039945,13.735147868339947,29.839984677366687,30.172177203564335,48.950711798118164,49.280922949303736,7.020680010296575,6.720214142213356,2.2712312982219602,1.5711281730938074,3.8955205693714676,3.5099141343697475,3.2579562207579125,2.5496958911710745,2.841197781854597,2.453423955613105,1.1574682017281634,1.218394100416991,7.639561438301442,7.987648648553674,1.971198788624369,1.527315227188006,0.9180760330258166,0.0,,,,,,,,
shape_high_fast_low_synch_offset,411.8005876689102,411.78975962718226,93.69775940553268,93.93892558216798,439.5188556338627,439.6092522921282,146.40520705050236,146.18952450246994,80.17558434082406,80.51758154386961,25.0160107738832,25.091312766384497,26.899808666327157,27.441903963760005,76.78561978969017,77.17628297007685,379.224761831909,379.09533536200195,423.22205522442096,423.3326037188278,401.45993058714555,401.68733481486635,422.4715596963018,422.4229397256533,116.27583285547654,115.90204428236311,121.64945798703313,121.9637292503216,17.64391029334727,18.302141902441406,19.346324249385773,19.811119948844972,9.57805911954722,9.283235003736104,34.66546443275229,35.007717659962985,53.759837846681926,54.09642003474291,2.612890471308475,2.5272644796516928,5.756868616204525,6.118695642740024,0.9949677535607193,1.4150919528823271,4.048380205868103,4.349879473796628,2.1794861349622314,2.539068585827035,4.54820629130912,4.977035741223595,12.478664510063556,12.847828137382933,4.545441096271143,4.831113669276562,4.502791893699185,4.862675530076015,0.0,,,,,,,
shape_high_fast_low_synch_,411.81232874306306,411.8005876689103,93.47218561236956,93.69775940553268,439.4291678400283,439.5188556338627,146.6558243740546,146.40520705050236,79.83755479634766,80.17558434082407,24.948535848676016,25.01601077388321,26.388567701820534,26.899808666327164,76.40231526601347,76.78561978969017,379.35584184952916,379.224761831909,423.1121294476891,423.222055224421,401.232878785658,401.4599305871456,422.5213188340455,422.4715596963018,116.65368847367195,116.27583285547652,121.33821092568213,121.64945798703316,17.01263087776752,17.643910293347265,18.91231288341142,19.346324249385766,9.90315409708148,9.578059119547198,34.33392372324508,34.6654644327523,53.42958675125229,53.75983784668194,2.9369291106290376,2.6128904713084786,5.441714341842675,5.756868616204522,1.118069557515447,0.9949677535607283,3.8247601874822017,4.048380205868101,1.9458684009405611,2.179486134962235,4.212986730402245,4.548206291309125,12.141218659410939,12.478664510063567,4.370193163315547,4.5454410962711425,4.212346118540824,4.502791893699188,0.9180760330258256,0.0,,,,,,
shape_high_fast_low_fast_offset,411.09232194136996,411.0818732439169,92.78322459686154,93.00153979137528,439.1395157801592,439.23102169657193,147.13716136349439,146.91709998924537,78.98442645320677,79.32604139560551,24.616889822314516,24.73274590022884,28.07293402247427,28.64904684662141,75.58811493842073,75.98233124747037,379.20556975213174,379.0773036906219,422.5996494985973,422.7107562749388,401.2956524155247,401.52454075808464,422.1996565885831,422.15209830422725,117.31423451597307,116.9433360869743,120.45758095014195,120.77014317014009,18.88841770479053,19.53084075989432,20.43362754886129,20.913109183081385,11.028331186527673,10.738550436560036,33.464824339135255,33.80735838287014,52.5610495399134,52.89691229968676,4.066858492876548,3.9337348005756976,4.557599577939679,4.935583544949747,1.0192435709481764,1.7566931538095871,2.7376323789102797,3.1080493857735942,0.9269683671933135,1.797697645928361,3.8177018651554246,4.680456869068934,11.282102442958166,11.66998751058624,3.7394799478473906,4.211486009921394,3.3139709580229573,3.758714870523933,1.4584580511968226,2.0151210881320734,0.0,,,,,
shape_high_fast_low_fast_,411.103685595069,411.09232194136996,92.57910810471242,92.78322459686154,439.04872094249805,439.13951578015906,147.3919421050366,147.13716136349439,78.64695164594583,78.98442645320677,24.519603565938805,24.616889822314533,27.51963718177465,28.072934022474275,75.20205473761553,75.58811493842073,379.3354900073577,379.20556975213174,422.48916609017715,422.5996494985973,401.0671177123004,401.2956524155247,422.248356034573,422.1996565885831,117.68916273614518,117.31423451597307,120.1481500153341,120.45758095014195,18.270877779780616,18.88841770479053,19.981720508036048,20.43362754886128,11.343516219261438,11.028331186527648,33.13431538075666,33.46482433913527,52.231960161846565,52.5610495399134,4.371028892884679,4.066858492876553,4.245437492985362,4.5575995779396745,0.9915487571585583,1.0192435709481704,2.4802902726855223,2.737632378910275,0.6850895820524039,0.9269683671933144,3.198061553237438,3.8177018651554167,10.942341424360801,11.282102442958173,3.617773057238382,3.739479947847391,3.0817241934697437,3.313970958022959,1.8123485582892636,1.4584580511968241,0.9180760330258261,0.0,,,,
shape_high_fast_high_synch_offset,409.93103788748874,409.9157645113079,89.49653464934396,89.71361681044722,437.76823263281995,437.85663166420244,148.00379323621985,147.60565920992917,74.82630189291905,75.16504006215561,21.90858934380459,22.055415660054567,26.224151612626788,26.811862947628295,71.43310473500529,71.82601094415698,379.47030036015883,379.33506534696215,420.59641190389493,420.70440047798456,399.1583937459706,399.386803964886,422.17119880055645,422.1189809103293,121.23697028622892,120.86138822764187,116.45700124480275,116.7649274869774,17.233600310711395,17.810316998054912,19.082795392700422,19.483616345515205,14.705181958015064,14.404389377876363,29.27525786481591,29.60934887636972,48.390185855616735,48.72076174644744,7.73157799445936,7.444860812204822,1.0334659626624665,0.7821197313488601,4.425485054979048,4.077792298005365,2.19020643541935,1.4307596002611136,3.324778814347306,3.0023666004677816,1.8503633309574867,2.4326710070580235,7.072188809049874,7.459195734337969,2.492891576065734,2.4491942950165484,1.0614034272892847,1.2427071913196093,5.410806986372081,5.0714251445711085,4.219855942150717,3.8731664024668584,0.0,,,
shape_high_fast_high_synch_,409.9472379082068,409.93103788748874,89.2975973220216,89.49653464934396,437.6805567886498,437.76823263282,148.4243265136342,148.00379323621985,74.49191118251164,74.82630189291905,21.786572374981198,21.9085893438046,25.654832252617958,26.224151612626798,71.04923296991167,71.43310473500532,379.6072007476424,379.47030036015883,420.48905628233507,420.59641190389493,398.93034260462827,399.1583937459706,422.22457268107996,422.17119880055645,121.61636981280012,121.23697028622891,116.1523224258886,116.45700124480274,16.688342208070722,17.233600310711402,18.718505751318062,19.08279539270042,15.025616920446335,14.70518195801505,28.955111225986165,29.275257864815913,48.06695556008993,48.390185855616735,8.052779403612211,7.731577994459372,1.8570125252480216,1.0334659626624565,4.839299921783724,4.425485054979047,3.0788880593513466,2.1902064354193396,3.7489807469469083,3.3247788143473107,2.2167376737041984,1.850363330957487,6.789461224592516,7.072188809049876,2.8952591390251015,2.4928915760657357,1.5659450973109643,1.0614034272892883,5.800308544082824,5.410806986372088,4.659061127965527,4.219855942150721,0.9180760330258179,0.0,,
shape_high_fast_high_fast_offset,411.6435744789849,411.63296590539437,93.59653558480377,93.8350297667601,439.4199675410914,439.51061481951393,146.58968832464166,146.37948493719725,80.10563509664459,80.44762018167432,25.058735041602645,25.13678595083354,27.07781003878452,27.627174220693117,76.7046403091355,77.09623044085497,379.0680692554038,378.93896158884695,423.100983895435,423.2117074338141,401.45376294944884,401.68134547538773,422.3585587003161,422.31027351619224,116.26945390135262,115.895728386286,121.5542730929329,121.86855062957781,17.903496599472213,18.558381684802207,19.613063493491516,20.077609129442756,9.603818888555802,9.306334887557515,34.6041311355564,34.946459959624285,53.692484191200286,54.02901201326239,2.6313044587760626,2.512838762143814,5.705130156787354,6.063642951122555,0.9529032474632315,1.3871341801220245,4.0286524358517894,4.320283304301482,2.1536192308020095,2.510324981987309,4.495873931102055,4.942637868754425,12.422288899370443,12.793168585794476,4.5041358714208775,4.786634361820324,4.447157885202632,4.807955170987462,0.31207926818169185,1.0698173480538193,1.4608337389715245,1.768065946260127,5.3558229842441705,5.746025681170978,0.0,
shape_high_fast_high_fast_,411.6550956713739,411.6435744789849,93.37375354984543,93.59653558480377,439.33002865848414,439.4199675410914,146.83439568040833,146.58968832464166,79.76764586683014,80.1056350966446,24.990409127994507,25.058735041602656,26.557986687992802,27.07781003878452,76.32051956532112,76.70464030913551,379.198831434013,379.0680692554038,422.9908825581726,423.100983895435,401.2265324626347,401.45376294944884,422.40798308168513,422.3585587003161,116.6472416201366,116.26945390135262,121.24303619981912,121.5542730929329,17.275220239541873,17.90349659947221,19.17883520829483,19.61306349349151,9.9299910640607,9.60381888855578,34.27270956677975,34.604131135556415,53.362358348065364,53.6924841912003,2.97388947174504,2.6313044587760666,5.397782128155213,5.705130156787354,1.0615317792064514,0.9529032474632424,3.8258935874536224,4.028652435851788,1.9567723726334627,2.1536192308020135,4.160673773634977,4.495873931102062,12.08494498488597,12.422288899370454,4.348670723134636,4.504135871420879,4.164303713608177,4.447157885202637,0.8408414573756043,0.3120792681816936,1.8828849864037167,1.4608337389715267,5.020962777320699,5.3558229842441785,0.9180760330258266,0.0
